n	ops	comparisons	operations	collisions	comps_per_op	load_factor	inserts	removes	finds	groups_total	groups_mean	groups_stdev	groups_min	groups_max
1	1	1	1	0	1	0.000711238	1	0	0	1	1	0	1	1
2	2	2	2	0	1	0.00142248	2	0	0	2	1	0.707107	1	1
3	3	3	3	0	1	0.00213371	3	0	0	3	1	1.29099	1	1
4	4	4	4	0	1	0.00284495	4	0	0	4	1	1.87083	1	1
5	5	5	5	0	1	0.00355619	5	0	0	5	1	2.44949	1	1
6	6	6	6	0	1	0.00426743	6	0	0	6	1	3.02765	1	1
7	7	7	7	0	1	0.00497866	7	0	0	7	1	3.60555	1	1
8	8	8	8	0	1	0.0056899	8	0	0	8	1	4.1833	1	1
9	9	9	9	0	1	0.00640114	9	0	0	9	1	4.76095	1	1
10	10	10	10	0	1	0.00711238	10	0	0	10	1	5.33854	1	1
11	11	11	11	0	1	0.00782361	11	0	0	11	1	5.91608	1	1
12	12	12	12	0	1	0.00853485	12	0	0	12	1	6.49359	1	1
13	13	13	13	0	1	0.00924609	13	0	0	13	1	7.07107	1	1
14	14	14	14	0	1	0.00995733	14	0	0	14	1	7.64853	1	1
15	15	15	15	0	1	0.0106686	15	0	0	15	1	8.22598	1	1
16	16	16	16	0	1	0.0113798	16	0	0	16	1	8.80341	1	1
17	17	17	17	0	1	0.012091	17	0	0	17	1	9.38083	1	1
18	18	18	18	0	1	0.0128023	18	0	0	18	1	9.95825	1	1
19	19	19	19	0	1	0.0135135	19	0	0	19	1	10.5357	1	1
20	20	20	20	0	1	0.0142248	20	0	0	20	1	11.1131	1	1
21	21	21	21	0	1	0.014936	21	0	0	21	1	11.6905	1	1
22	22	22	22	0	1	0.0156472	22	0	0	22	1	12.2678	1	1
23	23	23	23	0	1	0.0163585	23	0	0	23	1	12.8452	1	1
24	24	24	24	0	1	0.0170697	24	0	0	24	1	13.4226	1	1
25	25	25	25	0	1	0.0177809	25	0	0	25	1	14	1	1
26	26	26	26	0	1	0.0184922	26	0	0	26	1	14.5774	1	1
27	27	27	27	0	1	0.0192034	27	0	0	27	1	15.1548	1	1
28	28	28	28	0	1	0.0199147	28	0	0	28	1	15.7321	1	1
29	29	29	29	0	1	0.0206259	29	0	0	29	1	16.3095	1	1
30	30	30	30	0	1	0.0213371	30	0	0	30	1	16.8869	1	1
31	31	31	31	0	1	0.0220484	31	0	0	31	1	17.4642	1	1
32	32	32	32	0	1	0.0227596	32	0	0	32	1	18.0416	1	1
33	33	33	33	0	1	0.0234708	33	0	0	33	1	18.619	1	1
34	34	34	34	0	1	0.0241821	34	0	0	34	1	19.1964	1	1
35	35	35	35	0	1	0.0248933	35	0	0	35	1	19.7737	1	1
36	36	36	36	0	1	0.0256046	36	0	0	36	1	20.3511	1	1
37	37	37	37	0	1	0.0263158	37	0	0	37	1	20.9284	1	1
38	38	38	38	0	1	0.027027	38	0	0	38	1	21.5058	1	1
39	39	39	39	0	1	0.0277383	39	0	0	39	1	22.0832	1	1
40	40	40	40	0	1	0.0284495	40	0	0	40	1	22.6605	1	1
41	41	41	41	0	1	0.0291607	41	0	0	41	1	23.2379	1	1
42	42	42	42	0	1	0.029872	42	0	0	42	1	23.8153	1	1
43	43	43	43	0	1	0.0305832	43	0	0	43	1	24.3926	1	1
44	44	44	44	0	1	0.0312945	44	0	0	44	1	24.97	1	1
45	45	45	45	0	1	0.0320057	45	0	0	45	1	25.5473	1	1
46	46	46	46	0	1	0.0327169	46	0	0	46	1	26.1247	1	1
47	47	47	47	0	1	0.0334282	47	0	0	47	1	26.7021	1	1
48	48	48	48	0	1	0.0341394	48	0	0	48	1	27.2794	1	1
49	49	49	49	0	1	0.0348506	49	0	0	49	1	27.8568	1	1
50	50	50	50	0	1	0.0355619	50	0	0	50	1	28.4341	1	1
51	51	51	51	0	1	0.0362731	51	0	0	51	1	29.0115	1	1
52	52	52	52	0	1	0.0369844	52	0	0	52	1	29.5889	1	1
53	53	53	53	0	1	0.0376956	53	0	0	53	1	30.1662	1	1
54	54	54	54	0	1	0.0384068	54	0	0	54	1	30.7436	1	1
55	55	55	55	0	1	0.0391181	55	0	0	55	1	31.3209	1	1
56	56	56	56	0	1	0.0398293	56	0	0	56	1	31.8983	1	1
57	57	57	57	0	1	0.0405405	57	0	0	57	1	32.4756	1	1
58	58	58	58	0	1	0.0412518	58	0	0	58	1	33.053	1	1
59	59	59	59	0	1	0.041963	59	0	0	59	1	33.6303	1	1
60	60	60	60	0	1	0.0426743	60	0	0	60	1	34.2077	1	1
61	61	61	61	0	1	0.0433855	61	0	0	61	1	34.7851	1	1
62	62	62	62	0	1	0.0440967	62	0	0	62	1	35.3624	1	1
63	63	63	63	0	1	0.044808	63	0	0	63	1	35.9398	1	1
64	64	64	64	0	1	0.0455192	64	0	0	64	1	36.5171	1	1
65	65	65	65	0	1	0.0462304	65	0	0	65	1	37.0945	1	1
66	66	66	66	0	1	0.0469417	66	0	0	66	1	37.6718	1	1
67	67	67	67	0	1	0.0476529	67	0	0	67	1	38.2492	1	1
68	68	68	68	0	1	0.0483642	68	0	0	68	1	38.8265	1	1
69	69	69	69	0	1	0.0490754	69	0	0	69	1	39.4039	1	1
70	70	71	70	1	1.01429	0.0497866	70	0	0	70	1	39.9812	1	1
71	71	72	71	1	1.01408	0.0504979	71	0	0	71	1	40.5586	1	1
72	72	73	72	1	1.01389	0.0512091	72	0	0	72	1	41.136	1	1
73	73	74	73	1	1.0137	0.0519203	73	0	0	73	1	41.7133	1	1
74	74	75	74	1	1.01351	0.0526316	74	0	0	74	1	42.2907	1	1
75	75	76	75	1	1.01333	0.0533428	75	0	0	75	1	42.868	1	1
76	76	77	76	1	1.01316	0.0540541	76	0	0	76	1	43.4454	1	1
77	77	78	77	1	1.01299	0.0547653	77	0	0	77	1	44.0227	1	1
78	78	79	78	1	1.01282	0.0554765	78	0	0	78	1	44.6001	1	1
79	79	80	79	1	1.01266	0.0561878	79	0	0	78	1.01282	44.7292	1	2
80	80	81	80	1	1.0125	0.056899	80	0	0	80	1	45.7548	1	1
81	81	82	81	1	1.01235	0.0576102	81	0	0	81	1	46.3321	1	1
82	82	83	82	1	1.0122	0.0583215	82	0	0	81	1.01235	46.4567	1	2
83	83	84	83	1	1.01205	0.0590327	83	0	0	82	1.0122	47.0326	1	2
84	84	85	84	1	1.0119	0.059744	84	0	0	83	1.01205	47.6085	1	2
85	85	86	85	1	1.01176	0.0604552	85	0	0	84	1.0119	48.1844	1	2
86	86	87	86	1	1.01163	0.0611664	86	0	0	85	1.01176	48.7604	1	2
87	87	88	87	1	1.01149	0.0618777	87	0	0	86	1.01163	49.3364	1	2
88	88	89	88	1	1.01136	0.0625889	88	0	0	87	1.01149	49.9125	1	2
89	89	90	89	1	1.01124	0.0633001	89	0	0	89	1	50.951	1	1
90	90	91	90	1	1.01111	0.0640114	90	0	0	90	1	51.5283	1	1
91	91	92	91	1	1.01099	0.0647226	91	0	0	91	1	52.1057	1	1
92	92	93	92	1	1.01087	0.0654339	92	0	0	92	1	52.683	1	1
93	93	94	93	1	1.01075	0.0661451	93	0	0	93	1	53.2604	1	1
94	94	95	94	1	1.01064	0.0668563	94	0	0	94	1	53.8377	1	1
95	95	96	95	1	1.01053	0.0675676	95	0	0	95	1	54.4151	1	1
96	96	97	96	1	1.01042	0.0682788	96	0	0	96	1	54.9924	1	1
97	97	98	97	1	1.01031	0.06899	97	0	0	96	1.01042	55.1149	1	2
98	98	99	98	1	1.0102	0.0697013	98	0	0	97	1.01031	55.6911	1	2
99	99	101	99	2	1.0202	0.0704125	99	0	0	99	1	56.7245	1	1
100	100	102	100	2	1.02	0.0711238	100	0	0	100	1	57.3018	1	1
101	101	103	101	2	1.0198	0.071835	101	0	0	100	1.01	57.4516	1	2
102	102	104	102	2	1.01961	0.0725462	102	0	0	101	1.0099	58.0276	1	2
103	103	105	103	2	1.01942	0.0732575	103	0	0	102	1.0098	58.6035	1	2
104	104	106	104	2	1.01923	0.0739687	104	0	0	103	1.00971	59.1795	1	2
105	105	107	105	2	1.01905	0.0746799	105	0	0	104	1.00962	59.7555	1	2
106	106	109	106	3	1.0283	0.0753912	106	0	0	106	1	60.7659	1	1
107	107	110	107	3	1.02804	0.0761024	107	0	0	107	1	61.3433	1	1
108	108	111	108	3	1.02778	0.0768137	108	0	0	108	1	61.9207	1	1
109	109	112	109	3	1.02752	0.0775249	109	0	0	109	1	62.498	1	1
110	110	113	110	3	1.02727	0.0782361	110	0	0	110	1	63.0754	1	1
111	111	114	111	3	1.02703	0.0789474	111	0	0	111	1	63.6527	1	1
112	112	115	112	3	1.02679	0.0796586	112	0	0	111	1.00901	63.7882	1	2
113	113	116	113	3	1.02655	0.0803698	113	0	0	113	1	64.8074	1	1
114	114	117	114	3	1.02632	0.0810811	114	0	0	114	1	65.3848	1	1
115	115	118	115	3	1.02609	0.0817923	115	0	0	115	1	65.9621	1	1
116	116	119	116	3	1.02586	0.0825036	116	0	0	116	1	66.5395	1	1
117	117	120	117	3	1.02564	0.0832148	117	0	0	117	1	67.1168	1	1
118	118	121	118	3	1.02542	0.083926	118	0	0	118	1	67.6942	1	1
119	119	122	119	3	1.02521	0.0846373	119	0	0	119	1	68.2715	1	1
120	120	123	120	3	1.025	0.0853485	120	0	0	120	1	68.8489	1	1
121	121	124	121	3	1.02479	0.0860597	121	0	0	121	1	69.4262	1	1
122	122	125	122	3	1.02459	0.086771	122	0	0	122	1	70.0036	1	1
123	123	126	123	3	1.02439	0.0874822	123	0	0	123	1	70.5809	1	1
124	124	127	124	3	1.02419	0.0881935	124	0	0	124	1	71.1583	1	1
125	125	128	125	3	1.024	0.0889047	125	0	0	124	1.00806	71.3805	1	2
126	126	129	126	3	1.02381	0.0896159	126	0	0	125	1.008	71.9562	1	2
127	127	130	127	3	1.02362	0.0903272	127	0	0	126	1.00794	72.5319	1	2
128	128	131	128	3	1.02344	0.0910384	128	0	0	127	1.00787	73.1076	1	2
129	129	132	129	3	1.02326	0.0917496	129	0	0	128	1.00781	73.6834	1	2
130	130	133	130	3	1.02308	0.0924609	130	0	0	129	1.00775	74.2592	1	2
131	131	134	131	3	1.0229	0.0931721	131	0	0	130	1.00769	74.835	1	2
132	132	135	132	3	1.02273	0.0938834	132	0	0	131	1.00763	75.4108	1	2
133	133	136	133	3	1.02256	0.0945946	133	0	0	132	1.00758	75.9867	1	2
134	134	137	134	3	1.02239	0.0953058	134	0	0	133	1.00752	76.5626	1	2
135	135	138	135	3	1.02222	0.0960171	135	0	0	134	1.00746	77.1385	1	2
136	136	139	136	3	1.02206	0.0967283	136	0	0	135	1.00741	77.7256	1	2
137	137	142	137	5	1.0365	0.0974395	137	0	0	136	1.00735	78.3015	1	2
138	138	143	138	5	1.03623	0.0981508	138	0	0	137	1.0073	78.8773	1	2
139	139	145	139	6	1.04317	0.098862	139	0	0	137	1.0146	79.7015	1	2
140	140	146	140	6	1.04286	0.0995733	140	0	0	138	1.01449	80.278	1	2
141	141	147	141	6	1.04255	0.100284	141	0	0	139	1.01439	80.8518	1	2
142	142	148	142	6	1.04225	0.100996	142	0	0	139	1.02158	80.9727	1	2
143	143	149	143	6	1.04196	0.101707	143	0	0	140	1.02143	81.5707	1	2
144	144	150	144	6	1.04167	0.102418	144	0	0	141	1.02128	82.1463	1	2
145	145	151	145	6	1.04138	0.103129	145	0	0	142	1.02113	82.7219	1	2
146	146	152	146	6	1.0411	0.103841	146	0	0	143	1.02098	83.2976	1	2
147	147	153	147	6	1.04082	0.104552	147	0	0	144	1.02083	83.8732	1	2
148	148	154	148	6	1.04054	0.105263	148	0	0	146	1.0137	84.9187	1	2
149	149	155	149	6	1.04027	0.105974	149	0	0	147	1.01361	85.4951	1	2
150	150	156	150	6	1.04	0.106686	150	0	0	148	1.01351	86.0715	1	2
151	151	157	151	6	1.03974	0.107397	151	0	0	149	1.01342	86.648	1	2
152	152	158	152	6	1.03947	0.108108	152	0	0	150	1.01333	87.2343	1	2
153	153	159	153	6	1.03922	0.108819	153	0	0	151	1.01324	87.8107	1	2
154	154	160	154	6	1.03896	0.109531	154	0	0	152	1.01316	88.3871	1	2
155	155	161	155	6	1.03871	0.110242	155	0	0	153	1.01307	88.9732	1	2
156	156	162	156	6	1.03846	0.110953	156	0	0	154	1.01299	89.5591	1	2
157	157	163	157	6	1.03822	0.111664	157	0	0	155	1.0129	90.1448	1	2
158	158	164	158	6	1.03797	0.112376	158	0	0	156	1.01282	90.7211	1	2
159	159	165	159	6	1.03774	0.113087	159	0	0	157	1.01274	91.2974	1	2
160	160	166	160	6	1.0375	0.113798	160	0	0	158	1.01266	91.8715	1	2
161	161	167	161	6	1.03727	0.114509	161	0	0	159	1.01258	92.4457	1	2
162	162	168	162	6	1.03704	0.11522	162	0	0	160	1.0125	93.0198	1	2
163	163	169	163	6	1.03681	0.115932	163	0	0	161	1.01242	93.5962	1	2
164	164	170	164	6	1.03659	0.116643	164	0	0	162	1.01235	94.1726	1	2
165	165	171	165	6	1.03636	0.117354	165	0	0	164	1.0061	95.0813	1	2
166	166	172	166	6	1.03614	0.118065	166	0	0	165	1.00606	95.6591	1	2
167	167	173	167	6	1.03593	0.118777	167	0	0	166	1.00602	96.2369	1	2
168	168	174	168	6	1.03571	0.119488	168	0	0	167	1.00599	96.8147	1	2
169	169	175	169	6	1.0355	0.120199	169	0	0	167	1.01198	97.0548	1	2
170	170	176	170	6	1.03529	0.12091	170	0	0	168	1.0119	97.6292	1	2
171	171	178	171	7	1.04094	0.121622	171	0	0	169	1.01183	98.2056	1	2
172	172	179	172	7	1.0407	0.122333	172	0	0	170	1.01176	98.7821	1	2
173	173	180	173	7	1.04046	0.123044	173	0	0	171	1.0117	99.3587	1	2
174	174	182	174	8	1.04598	0.123755	174	0	0	171	1.01754	100.223	1	2
175	175	183	175	8	1.04571	0.124467	175	0	0	172	1.01744	100.809	1	2
176	176	184	176	8	1.04545	0.125178	176	0	0	173	1.01734	101.385	1	2
177	177	185	177	8	1.0452	0.125889	177	0	0	174	1.01724	101.962	1	2
178	178	186	178	8	1.04494	0.1266	178	0	0	175	1.01714	102.538	1	2
179	179	187	179	8	1.04469	0.127312	179	0	0	176	1.01705	103.115	1	2
180	180	189	180	9	1.05	0.128023	180	0	0	177	1.01695	103.691	1	2
181	181	190	181	9	1.04972	0.128734	181	0	0	178	1.01685	104.266	1	2
182	182	191	182	9	1.04945	0.129445	182	0	0	179	1.01676	104.842	1	2
183	183	192	183	9	1.04918	0.130156	183	0	0	180	1.01667	105.419	1	2
184	184	194	184	10	1.05435	0.130868	184	0	0	181	1.01657	105.993	1	2
185	185	195	185	10	1.05405	0.131579	185	0	0	182	1.01648	106.57	1	2
186	186	197	186	11	1.05914	0.13229	186	0	0	182	1.02198	106.864	1	2
187	187	198	187	11	1.05882	0.133001	187	0	0	183	1.02186	107.437	1	2
188	188	201	188	13	1.06915	0.133713	188	0	0	183	1.02732	108.303	1	3
189	189	202	189	13	1.06878	0.134424	189	0	0	184	1.02717	108.878	1	3
190	190	203	190	13	1.06842	0.135135	190	0	0	185	1.02703	109.452	1	3
191	191	204	191	13	1.06806	0.135846	191	0	0	186	1.02688	110.027	1	3
192	192	206	192	14	1.07292	0.136558	192	0	0	186	1.03226	110.707	1	3
193	193	207	193	14	1.07254	0.137269	193	0	0	188	1.0266	110.982	1	2
194	194	208	194	14	1.07216	0.13798	194	0	0	189	1.02646	111.56	1	2
195	195	209	195	14	1.07179	0.138691	195	0	0	190	1.02632	112.152	1	2
196	196	210	196	14	1.07143	0.139403	196	0	0	192	1.02083	113.02	1	2
197	197	211	197	14	1.07107	0.140114	197	0	0	193	1.02073	113.598	1	2
198	198	213	198	15	1.07576	0.140825	198	0	0	193	1.02591	114.416	1	2
199	199	214	199	15	1.07538	0.141536	199	0	0	194	1.02577	115.003	1	2
200	200	215	200	15	1.075	0.142248	200	0	0	195	1.02564	115.582	1	2
201	201	216	201	15	1.07463	0.142959	201	0	0	196	1.02551	116.161	1	2
202	202	217	202	15	1.07426	0.14367	202	0	0	197	1.02538	116.747	1	2
203	203	218	203	15	1.07389	0.144381	203	0	0	198	1.02525	117.322	1	2
204	204	219	204	15	1.07353	0.145092	204	0	0	199	1.02513	117.901	1	2
205	205	220	205	15	1.07317	0.145804	205	0	0	200	1.025	118.48	1	2
206	206	221	206	15	1.07282	0.146515	206	0	0	200	1.03	119.346	1	3
207	207	222	207	15	1.07246	0.147226	207	0	0	201	1.02985	119.921	1	3
208	208	223	208	15	1.07212	0.147937	208	0	0	201	1.03483	120.746	1	3
209	209	224	209	15	1.07177	0.148649	209	0	0	202	1.03465	121.321	1	3
210	210	225	210	15	1.07143	0.14936	210	0	0	204	1.02941	121.787	1	3
211	211	226	211	15	1.07109	0.150071	211	0	0	204	1.03431	121.933	1	3
212	212	227	212	15	1.07075	0.150782	212	0	0	205	1.03415	122.51	1	3
213	213	228	213	15	1.07042	0.151494	213	0	0	206	1.03398	123.086	1	3
214	214	229	214	15	1.07009	0.152205	214	0	0	208	1.02885	124.017	1	3
215	215	230	215	15	1.06977	0.152916	215	0	0	209	1.02871	124.594	1	3
216	216	231	216	15	1.06944	0.153627	216	0	0	210	1.02857	125.18	1	3
217	217	232	217	15	1.06912	0.154339	217	0	0	212	1.02358	126.188	1	3
218	218	233	218	15	1.06881	0.15505	218	0	0	213	1.02347	126.766	1	3
219	219	234	219	15	1.06849	0.155761	219	0	0	214	1.02336	127.345	1	3
220	220	235	220	15	1.06818	0.156472	220	0	0	215	1.02326	127.923	1	3
221	221	236	221	15	1.06787	0.157183	221	0	0	216	1.02315	128.502	1	3
222	222	237	222	15	1.06757	0.157895	222	0	0	217	1.02304	129.08	1	3
223	223	238	223	15	1.06726	0.158606	223	0	0	217	1.02765	129.231	1	3
224	224	240	224	16	1.07143	0.159317	224	0	0	217	1.03226	129.693	1	3
225	225	241	225	16	1.07111	0.160028	225	0	0	217	1.03687	129.935	1	3
226	226	242	226	16	1.0708	0.16074	226	0	0	218	1.0367	130.51	1	3
227	227	243	227	16	1.07048	0.161451	227	0	0	219	1.03653	131.08	1	3
228	228	244	228	16	1.07018	0.162162	228	0	0	220	1.03636	131.65	1	3
229	229	245	229	16	1.06987	0.162873	229	0	0	221	1.0362	132.225	1	3
230	230	246	230	16	1.06957	0.163585	230	0	0	222	1.03604	132.819	1	3
231	231	247	231	16	1.06926	0.164296	231	0	0	223	1.03587	133.389	1	3
232	232	248	232	16	1.06897	0.165007	232	0	0	224	1.03571	133.959	1	3
233	233	249	233	16	1.06867	0.165718	233	0	0	225	1.03556	134.553	1	3
234	234	250	234	16	1.06838	0.16643	234	0	0	225	1.04	135.244	1	3
235	235	251	235	16	1.06809	0.167141	235	0	0	226	1.03982	135.821	1	3
236	236	252	236	16	1.0678	0.167852	236	0	0	227	1.03965	136.397	1	3
237	237	254	237	17	1.07173	0.168563	237	0	0	227	1.04405	136.611	1	3
238	238	255	238	17	1.07143	0.169275	238	0	0	229	1.0393	137.528	1	3
239	239	256	239	17	1.07113	0.169986	239	0	0	230	1.03913	138.102	1	3
240	240	257	240	17	1.07083	0.170697	240	0	0	231	1.03896	138.675	1	3
241	241	258	241	17	1.07054	0.171408	241	0	0	232	1.03879	139.27	1	3
242	242	259	242	17	1.07025	0.172119	242	0	0	233	1.03863	139.847	1	3
243	243	260	243	17	1.06996	0.172831	243	0	0	235	1.03404	140.117	1	2
244	244	261	244	17	1.06967	0.173542	244	0	0	235	1.0383	140.363	1	2
245	245	262	245	17	1.06939	0.174253	245	0	0	237	1.03376	141.281	1	2
246	246	263	246	17	1.06911	0.174964	246	0	0	238	1.03361	141.85	1	2
247	247	264	247	17	1.06883	0.175676	247	0	0	239	1.03347	142.419	1	2
248	248	265	248	17	1.06855	0.176387	248	0	0	240	1.03333	142.992	1	2
249	249	266	249	17	1.06827	0.177098	249	0	0	241	1.0332	143.574	1	2
250	250	267	250	17	1.068	0.177809	250	0	0	242	1.03306	144.151	1	2
251	251	269	251	18	1.07171	0.178521	251	0	0	244	1.02869	144.469	1	2
252	252	270	252	18	1.07143	0.179232	252	0	0	245	1.02857	145.05	1	2
253	253	271	253	18	1.07115	0.179943	253	0	0	246	1.02846	145.644	1	2
254	254	272	254	18	1.07087	0.180654	254	0	0	247	1.02834	146.22	1	2
255	255	273	255	18	1.07059	0.181366	255	0	0	248	1.02823	146.791	1	2
256	256	274	256	18	1.07031	0.182077	256	0	0	249	1.02811	147.384	1	2
257	257	275	257	18	1.07004	0.182788	257	0	0	250	1.028	147.955	1	2
258	258	276	258	18	1.06977	0.183499	258	0	0	251	1.02789	148.526	1	2
259	259	277	259	18	1.0695	0.184211	259	0	0	252	1.02778	149.12	1	2
260	260	278	260	18	1.06923	0.184922	260	0	0	253	1.02767	149.701	1	2
261	261	280	261	19	1.0728	0.185633	261	0	0	253	1.03162	150.084	1	2
262	262	281	262	19	1.07252	0.186344	262	0	0	254	1.0315	150.656	1	2
263	263	282	263	19	1.07224	0.187055	263	0	0	254	1.03543	150.902	1	2
264	264	284	264	20	1.07576	0.187767	264	0	0	255	1.03529	151.486	1	2
265	265	285	265	20	1.07547	0.188478	265	0	0	256	1.03516	152.061	1	2
266	266	286	266	20	1.07519	0.189189	266	0	0	257	1.03502	152.635	1	2
267	267	287	267	20	1.07491	0.1899	267	0	0	259	1.03089	153.317	1	2
268	268	288	268	20	1.07463	0.190612	268	0	0	260	1.03077	153.915	1	2
269	269	289	269	20	1.07435	0.191323	269	0	0	260	1.03462	154.244	1	2
270	270	291	270	21	1.07778	0.192034	270	0	0	260	1.03846	155.108	1	2
271	271	292	271	21	1.07749	0.192745	271	0	0	262	1.03435	156.13	1	2
272	272	294	272	22	1.08088	0.193457	272	0	0	263	1.03422	156.705	1	2
273	273	295	273	22	1.08059	0.194168	273	0	0	264	1.03409	157.301	1	2
274	274	296	274	22	1.08029	0.194879	274	0	0	265	1.03396	157.87	1	2
275	275	297	275	22	1.08	0.19559	275	0	0	267	1.02996	158.783	1	2
276	276	298	276	22	1.07971	0.196302	276	0	0	268	1.02985	159.357	1	2
277	277	299	277	22	1.07942	0.197013	277	0	0	269	1.02974	159.933	1	2
278	278	300	278	22	1.07914	0.197724	278	0	0	270	1.02963	160.506	1	2
279	279	301	279	22	1.07885	0.198435	279	0	0	271	1.02952	161.079	1	2
280	280	302	280	22	1.07857	0.199147	280	0	0	272	1.02941	161.655	1	2
281	281	304	281	23	1.08185	0.199858	281	0	0	272	1.03309	162.12	1	2
282	282	305	282	23	1.08156	0.200569	282	0	0	272	1.03676	162.29	1	2
283	283	306	283	23	1.08127	0.20128	283	0	0	273	1.03663	162.861	1	2
284	284	307	284	23	1.08099	0.201991	284	0	0	274	1.0365	163.439	1	2
285	285	308	285	23	1.0807	0.202703	285	0	0	275	1.03636	164.027	1	2
286	286	311	286	25	1.08741	0.203414	286	0	0	274	1.0438	163.749	1	3
287	287	312	287	25	1.08711	0.204125	287	0	0	275	1.04364	164.326	1	3
288	288	313	288	25	1.08681	0.204836	288	0	0	276	1.04348	164.935	1	3
289	289	314	289	25	1.08651	0.205548	289	0	0	277	1.04332	165.506	1	3
290	290	315	290	25	1.08621	0.206259	290	0	0	278	1.04317	166.076	1	3
291	291	316	291	25	1.08591	0.20697	291	0	0	280	1.03929	167.094	1	2
292	292	318	292	26	1.08904	0.207681	292	0	0	281	1.03915	167.665	1	2
293	293	319	293	26	1.08874	0.208393	293	0	0	282	1.03901	168.233	1	2
294	294	322	294	28	1.09524	0.209104	294	0	0	282	1.04255	169.059	1	3
295	295	324	295	29	1.09831	0.209815	295	0	0	283	1.0424	169.637	1	3
296	296	325	296	29	1.09797	0.210526	296	0	0	284	1.04225	170.21	1	3
297	297	327	297	30	1.10101	0.211238	297	0	0	284	1.04577	170.346	1	3
298	298	328	298	30	1.10067	0.211949	298	0	0	285	1.04561	170.919	1	3
299	299	329	299	30	1.10033	0.21266	299	0	0	286	1.04545	171.493	1	3
300	300	330	300	30	1.1	0.213371	300	0	0	288	1.04167	172.26	1	3
301	301	331	301	30	1.09967	0.214083	301	0	0	289	1.04152	172.865	1	3
302	302	332	302	30	1.09934	0.214794	302	0	0	290	1.04138	173.432	1	3
303	303	333	303	30	1.09901	0.215505	303	0	0	291	1.04124	174.007	1	3
304	304	334	304	30	1.09868	0.216216	304	0	0	292	1.0411	174.579	1	3
305	305	335	305	30	1.09836	0.216927	305	0	0	293	1.04096	175.147	1	3
306	306	336	306	30	1.09804	0.217639	306	0	0	293	1.04437	175.311	1	3
307	307	337	307	30	1.09772	0.21835	307	0	0	295	1.04068	176.324	1	3
308	308	338	308	30	1.0974	0.219061	308	0	0	296	1.04054	176.899	1	3
309	309	339	309	30	1.09709	0.219772	309	0	0	297	1.0404	177.473	1	3
310	310	340	310	30	1.09677	0.220484	310	0	0	298	1.04027	178.056	1	3
311	311	343	311	32	1.10289	0.221195	311	0	0	298	1.04362	178.289	1	3
312	312	344	312	32	1.10256	0.221906	312	0	0	299	1.04348	178.857	1	3
313	313	345	313	32	1.10224	0.222617	313	0	0	300	1.04333	179.431	1	3
314	314	346	314	32	1.10191	0.223329	314	0	0	301	1.04319	180.003	1	3
315	315	347	315	32	1.10159	0.22404	315	0	0	302	1.04305	180.574	1	3
316	316	348	316	32	1.10127	0.224751	316	0	0	303	1.0429	181.182	1	3
317	317	349	317	32	1.10095	0.225462	317	0	0	303	1.0462	181.446	1	3
318	318	350	318	32	1.10063	0.226174	318	0	0	304	1.04605	182.019	1	3
319	319	351	319	32	1.10031	0.226885	319	0	0	305	1.0459	182.592	1	3
320	320	352	320	32	1.1	0.227596	320	0	0	306	1.04575	183.163	1	3
321	321	353	321	32	1.09969	0.228307	321	0	0	307	1.0456	183.74	1	3
322	322	354	322	32	1.09938	0.229018	322	0	0	308	1.04545	184.317	1	3
323	323	356	323	33	1.10217	0.22973	323	0	0	308	1.0487	185.123	1	3
324	324	357	324	33	1.10185	0.230441	324	0	0	309	1.04854	185.689	1	3
325	325	358	325	33	1.10154	0.231152	325	0	0	310	1.04839	186.263	1	3
326	326	359	326	33	1.10123	0.231863	326	0	0	311	1.04823	186.874	1	3
327	327	360	327	33	1.10092	0.232575	327	0	0	312	1.04808	187.444	1	3
328	328	361	328	33	1.10061	0.233286	328	0	0	313	1.04792	188.018	1	3
329	329	362	329	33	1.1003	0.233997	329	0	0	314	1.04777	188.589	1	3
330	330	363	330	33	1.1	0.234708	330	0	0	315	1.04762	189.171	1	3
331	331	364	331	33	1.0997	0.23542	331	0	0	316	1.04747	189.741	1	3
332	332	365	332	33	1.0994	0.236131	332	0	0	317	1.04732	190.308	1	3
333	333	366	333	33	1.0991	0.236842	333	0	0	318	1.04717	190.879	1	3
334	334	368	334	34	1.1018	0.237553	334	0	0	318	1.05031	190.89	1	3
335	335	369	335	34	1.10149	0.238265	335	0	0	319	1.05016	191.46	1	3
336	336	370	336	34	1.10119	0.238976	336	0	0	320	1.05	192.056	1	3
337	337	371	337	34	1.10089	0.239687	337	0	0	322	1.04658	192.961	1	3
338	338	372	338	34	1.10059	0.240398	338	0	0	323	1.04644	193.536	1	3
339	339	374	339	35	1.10324	0.24111	339	0	0	323	1.04954	194.38	1	3
340	340	375	340	35	1.10294	0.241821	340	0	0	324	1.04938	194.972	1	3
341	341	376	341	35	1.10264	0.242532	341	0	0	325	1.04923	195.543	1	3
342	342	378	342	36	1.10526	0.243243	342	0	0	325	1.05231	196	1	3
343	343	379	343	36	1.10496	0.243954	343	0	0	327	1.04893	196.699	1	3
344	344	380	344	36	1.10465	0.244666	344	0	0	328	1.04878	197.272	1	3
345	345	381	345	36	1.10435	0.245377	345	0	0	329	1.04863	197.838	1	3
346	346	382	346	36	1.10405	0.246088	346	0	0	330	1.04848	198.405	1	3
347	347	383	347	36	1.10375	0.246799	347	0	0	330	1.05152	198.857	1	3
348	348	384	348	36	1.10345	0.247511	348	0	0	331	1.05136	199.424	1	3
349	349	386	349	37	1.10602	0.248222	349	0	0	331	1.05438	200.021	1	3
350	350	387	350	37	1.10571	0.248933	350	0	0	332	1.05422	200.59	1	3
351	351	388	351	37	1.10541	0.249644	351	0	0	333	1.05405	201.165	1	3
352	352	391	352	39	1.1108	0.250356	352	0	0	333	1.05706	201.763	1	3
353	353	394	353	41	1.11615	0.251067	353	0	0	334	1.05689	202.332	1	3
354	354	397	354	43	1.12147	0.251778	354	0	0	335	1.05672	202.904	1	3
355	355	398	355	43	1.12113	0.252489	355	0	0	335	1.0597	203.157	1	3
356	356	399	356	43	1.12079	0.253201	356	0	0	336	1.05952	203.724	1	3
357	357	400	357	43	1.12045	0.253912	357	0	0	337	1.05935	204.311	1	3
358	358	401	358	43	1.12011	0.254623	358	0	0	338	1.05917	204.888	1	3
359	359	402	359	43	1.11978	0.255334	359	0	0	339	1.059	205.451	1	3
360	360	403	360	43	1.11944	0.256046	360	0	0	340	1.05882	206.014	1	3
361	361	404	361	43	1.11911	0.256757	361	0	0	341	1.05865	206.585	1	3
362	362	406	362	44	1.12155	0.257468	362	0	0	341	1.06158	206.615	1	3
363	363	407	363	44	1.12121	0.258179	363	0	0	342	1.0614	207.184	1	3
364	364	408	364	44	1.12088	0.25889	364	0	0	342	1.06433	207.922	1	3
365	365	409	365	44	1.12055	0.259602	365	0	0	343	1.06414	208.506	1	3
366	366	410	366	44	1.12022	0.260313	366	0	0	344	1.06395	209.076	1	3
367	367	411	367	44	1.11989	0.261024	367	0	0	345	1.06377	209.664	1	3
368	368	412	368	44	1.11957	0.261735	368	0	0	346	1.06358	210.241	1	3
369	369	413	369	44	1.11924	0.262447	369	0	0	347	1.0634	210.807	1	3
370	370	414	370	44	1.11892	0.263158	370	0	0	349	1.06017	211.358	1	3
371	371	415	371	44	1.1186	0.263869	371	0	0	350	1.06	211.937	1	3
372	372	416	372	44	1.11828	0.26458	372	0	0	351	1.05983	212.549	1	3
373	373	417	373	44	1.11796	0.265292	373	0	0	352	1.05966	213.118	1	3
374	374	418	374	44	1.11765	0.266003	374	0	0	353	1.05949	213.691	1	3
375	375	419	375	44	1.11733	0.266714	375	0	0	354	1.05932	214.255	1	3
376	376	420	376	44	1.11702	0.267425	376	0	0	355	1.05915	214.825	1	3
377	377	421	377	44	1.11671	0.268137	377	0	0	356	1.05899	215.412	1	3
378	378	422	378	44	1.1164	0.268848	378	0	0	357	1.05882	215.982	1	3
379	379	424	379	45	1.11873	0.269559	379	0	0	357	1.06162	216.4	1	3
380	380	426	380	46	1.12105	0.27027	380	0	0	357	1.06443	216.4	1	3
381	381	427	381	46	1.12073	0.270982	381	0	0	357	1.06723	217.062	1	3
382	382	429	382	47	1.12304	0.271693	382	0	0	357	1.07003	217.688	1	3
383	383	430	383	47	1.12272	0.272404	383	0	0	358	1.06983	218.275	1	3
384	384	431	384	47	1.1224	0.273115	384	0	0	358	1.07263	219.109	1	3
385	385	433	385	48	1.12468	0.273826	385	0	0	359	1.07242	219.687	1	3
386	386	434	386	48	1.12435	0.274538	386	0	0	360	1.07222	220.264	1	3
387	387	435	387	48	1.12403	0.275249	387	0	0	361	1.07202	220.829	1	3
388	388	437	388	49	1.12629	0.27596	388	0	0	362	1.07182	221.409	1	3
389	389	438	389	49	1.12596	0.276671	389	0	0	363	1.07163	222.025	1	3
390	390	439	390	49	1.12564	0.277383	390	0	0	364	1.07143	222.586	1	3
391	391	443	391	52	1.13299	0.278094	391	0	0	365	1.07123	223.146	1	3
392	392	446	392	54	1.13776	0.278805	392	0	0	366	1.07104	223.706	1	3
393	393	447	393	54	1.1374	0.279516	393	0	0	367	1.07084	224.272	1	3
394	394	450	394	56	1.14213	0.280228	394	0	0	368	1.07065	224.838	1	3
395	395	451	395	56	1.14177	0.280939	395	0	0	369	1.07046	225.399	1	3
396	396	455	396	59	1.14899	0.28165	396	0	0	370	1.07027	225.959	1	3
397	397	456	397	59	1.14861	0.282361	397	0	0	371	1.07008	226.525	1	3
398	398	457	398	59	1.14824	0.283073	398	0	0	372	1.06989	227.103	1	3
399	399	458	399	59	1.14787	0.283784	399	0	0	373	1.06971	227.668	1	3
400	400	461	400	61	1.1525	0.284495	400	0	0	374	1.06952	228.228	1	3
401	401	462	401	61	1.15212	0.285206	401	0	0	374	1.07219	229.058	1	3
402	402	463	402	61	1.15174	0.285917	402	0	0	375	1.072	229.625	1	3
403	403	464	403	61	1.15136	0.286629	403	0	0	376	1.07181	230.191	1	3
404	404	465	404	61	1.15099	0.28734	404	0	0	378	1.06878	230.488	1	3
405	405	466	405	61	1.15062	0.288051	405	0	0	379	1.0686	231.104	1	3
406	406	467	406	61	1.15025	0.288762	406	0	0	381	1.06562	231.508	1	3
407	407	468	407	61	1.14988	0.289474	407	0	0	382	1.06545	232.076	1	3
408	408	471	408	63	1.15441	0.290185	408	0	0	382	1.06806	232.22	1	3
409	409	472	409	63	1.15403	0.290896	409	0	0	383	1.06789	232.797	1	3
410	410	473	410	63	1.15366	0.291607	410	0	0	384	1.06771	233.363	1	3
411	411	476	411	65	1.15815	0.292319	411	0	0	385	1.06753	233.935	1	3
412	412	479	412	67	1.16262	0.29303	412	0	0	385	1.07013	234.684	1	3
413	413	480	413	67	1.16223	0.293741	413	0	0	385	1.07273	235.513	1	3
414	414	481	414	67	1.16184	0.294452	414	0	0	386	1.07254	236.091	1	3
415	415	485	415	70	1.16867	0.295164	415	0	0	387	1.07235	236.651	1	3
416	416	489	416	73	1.17548	0.295875	416	0	0	388	1.07216	237.22	1	3
417	417	490	417	73	1.17506	0.296586	417	0	0	389	1.07198	237.785	1	3
418	418	494	418	76	1.18182	0.297297	418	0	0	390	1.07179	238.354	1	3
419	419	495	419	76	1.18138	0.298009	419	0	0	392	1.06888	239.126	1	3
420	420	497	420	77	1.18333	0.29872	420	0	0	393	1.0687	239.714	1	3
421	421	500	421	79	1.18765	0.299431	421	0	0	394	1.06853	240.288	1	3
422	422	501	422	79	1.1872	0.300142	422	0	0	395	1.06835	240.858	1	3
423	423	504	423	81	1.19149	0.300853	423	0	0	396	1.06818	241.457	1	3
424	424	505	424	81	1.19104	0.301565	424	0	0	397	1.06801	242.072	1	3
425	425	506	425	81	1.19059	0.302276	425	0	0	399	1.06516	242.354	1	3
426	426	507	426	81	1.19014	0.302987	426	0	0	400	1.065	242.916	1	3
427	427	508	427	81	1.1897	0.303698	427	0	0	401	1.06484	243.494	1	3
428	428	509	428	81	1.18925	0.30441	428	0	0	401	1.06733	244.065	1	3
429	429	510	429	81	1.18881	0.305121	429	0	0	402	1.06716	244.645	1	3
430	430	511	430	81	1.18837	0.305832	430	0	0	403	1.067	245.213	1	3
431	431	512	431	81	1.18793	0.306543	431	0	0	404	1.06683	245.803	1	3
432	432	513	432	81	1.1875	0.307255	432	0	0	405	1.06667	246.364	1	3
433	433	514	433	81	1.18707	0.307966	433	0	0	406	1.0665	246.98	1	3
434	434	516	434	82	1.18894	0.308677	434	0	0	406	1.06897	247.636	1	3
435	435	519	435	84	1.1931	0.309388	435	0	0	406	1.07143	248.484	1	3
436	436	520	436	84	1.19266	0.3101	436	0	0	407	1.07125	249.054	1	3
437	437	521	437	84	1.19222	0.310811	437	0	0	408	1.07108	249.614	1	3
438	438	522	438	84	1.19178	0.311522	438	0	0	409	1.0709	250.18	1	3
439	439	525	439	86	1.1959	0.312233	439	0	0	410	1.07073	250.767	1	3
440	440	526	440	86	1.19545	0.312945	440	0	0	410	1.07317	251.348	1	3
441	441	527	441	86	1.19501	0.313656	441	0	0	411	1.07299	251.912	1	3
442	442	528	442	86	1.19457	0.314367	442	0	0	412	1.07282	252.53	1	3
443	443	532	443	89	1.2009	0.315078	443	0	0	413	1.07264	253.09	1	3
444	444	533	444	89	1.20045	0.315789	444	0	0	414	1.07246	253.665	1	3
445	445	535	445	90	1.20225	0.316501	445	0	0	414	1.07488	254.399	1	3
446	446	536	446	90	1.20179	0.317212	446	0	0	415	1.0747	254.963	1	3
447	447	537	447	90	1.20134	0.317923	447	0	0	416	1.07452	255.546	1	3
448	448	538	448	90	1.20089	0.318634	448	0	0	417	1.07434	256.134	1	3
449	449	539	449	90	1.20045	0.319346	449	0	0	418	1.07416	256.703	1	3
450	450	540	450	90	1.2	0.320057	450	0	0	419	1.07399	257.277	1	3
451	451	543	451	92	1.20399	0.320768	451	0	0	420	1.07381	257.841	1	3
452	452	544	452	92	1.20354	0.321479	452	0	0	421	1.07363	258.433	1	3
453	453	545	453	92	1.20309	0.322191	453	0	0	422	1.07346	259.016	1	3
454	454	546	454	92	1.20264	0.322902	454	0	0	424	1.07075	259.874	1	3
455	455	547	455	92	1.2022	0.323613	455	0	0	425	1.07059	260.433	1	3
456	456	548	456	92	1.20175	0.324324	456	0	0	426	1.07042	260.992	1	3
457	457	549	457	92	1.20131	0.325036	457	0	0	427	1.07026	261.581	1	3
458	458	550	458	92	1.20087	0.325747	458	0	0	428	1.07009	262.165	1	3
459	459	553	459	94	1.20479	0.326458	459	0	0	429	1.06993	262.725	1	3
460	460	554	460	94	1.20435	0.327169	460	0	0	431	1.06729	263.171	1	3
461	461	555	461	94	1.2039	0.327881	461	0	0	432	1.06713	263.747	1	3
462	462	557	462	95	1.20563	0.328592	462	0	0	433	1.06697	264.312	1	3
463	463	558	463	95	1.20518	0.329303	463	0	0	434	1.06682	264.885	1	3
464	464	559	464	95	1.20474	0.330014	464	0	0	435	1.06667	265.446	1	3
465	465	560	465	95	1.2043	0.330725	465	0	0	436	1.06651	266.014	1	3
466	466	561	466	95	1.20386	0.331437	466	0	0	437	1.06636	266.613	1	3
467	467	563	467	96	1.20557	0.332148	467	0	0	439	1.06378	267.15	1	3
468	468	564	468	96	1.20513	0.332859	468	0	0	440	1.06364	267.717	1	3
469	469	565	469	96	1.20469	0.33357	469	0	0	441	1.06349	268.329	1	3
470	470	566	470	96	1.20426	0.334282	470	0	0	442	1.06335	268.925	1	3
471	471	567	471	96	1.20382	0.334993	471	0	0	443	1.06321	269.488	1	3
472	472	570	472	98	1.20763	0.335704	472	0	0	444	1.06306	270.054	1	3
473	473	571	473	98	1.20719	0.336415	473	0	0	445	1.06292	270.641	1	3
474	474	576	474	102	1.21519	0.337127	474	0	0	445	1.06517	271.255	1	3
475	475	577	475	102	1.21474	0.337838	475	0	0	446	1.06502	271.853	1	3
476	476	578	476	102	1.21429	0.338549	476	0	0	447	1.06488	272.45	1	3
477	477	582	477	105	1.22013	0.33926	477	0	0	447	1.06711	273.311	1	3
478	478	589	478	111	1.23222	0.339972	478	0	0	448	1.06696	273.881	1	3
479	479	590	479	111	1.23173	0.340683	479	0	0	448	1.0692	274.747	1	3
480	480	594	480	114	1.2375	0.341394	480	0	0	449	1.06904	275.32	1	3
481	481	598	481	117	1.24324	0.342105	481	0	0	450	1.06889	275.89	1	3
482	482	606	482	124	1.25726	0.342817	482	0	0	450	1.07111	276.499	1	3
483	483	607	483	124	1.25673	0.343528	483	0	0	451	1.07095	277.064	1	3
484	484	608	484	124	1.2562	0.344239	484	0	0	452	1.0708	277.647	1	3
485	485	612	485	127	1.26186	0.34495	485	0	0	453	1.07064	278.209	1	3
486	486	614	486	128	1.26337	0.345661	486	0	0	454	1.07048	278.774	1	3
487	487	615	487	128	1.26283	0.346373	487	0	0	455	1.07033	279.386	1	3
488	488	616	488	128	1.2623	0.347084	488	0	0	455	1.07253	279.529	1	3
489	489	617	489	128	1.26176	0.347795	489	0	0	457	1.07002	279.783	1	3
490	490	622	490	132	1.26939	0.348506	490	0	0	458	1.06987	280.372	1	3
491	491	623	491	132	1.26884	0.349218	491	0	0	459	1.06972	280.948	1	3
492	492	625	492	133	1.27033	0.349929	492	0	0	460	1.06957	281.517	1	3
493	493	626	493	133	1.26978	0.35064	493	0	0	461	1.06941	282.077	1	3
494	494	627	494	133	1.26923	0.351351	494	0	0	462	1.06926	282.638	1	3
495	495	628	495	133	1.26869	0.352063	495	0	0	463	1.06911	283.198	1	3
496	496	629	496	133	1.26815	0.352774	496	0	0	464	1.06897	283.781	1	3
497	497	632	497	135	1.27163	0.353485	497	0	0	466	1.06652	284.532	1	3
498	498	633	498	135	1.27108	0.354196	498	0	0	468	1.0641	285.757	1	3
499	499	634	499	135	1.27054	0.354908	499	0	0	469	1.06397	286.318	1	3
500	500	636	500	136	1.272	0.355619	500	0	0	469	1.0661	287.164	1	3
501	501	637	501	136	1.27146	0.35633	501	0	0	470	1.06596	287.724	1	3
502	502	638	502	136	1.27092	0.357041	502	0	0	471	1.06582	288.31	1	3
503	503	639	503	136	1.27038	0.357753	503	0	0	472	1.06568	288.871	1	3
504	504	641	504	137	1.27183	0.358464	504	0	0	473	1.06554	289.432	1	3
505	505	642	505	137	1.27129	0.359175	505	0	0	474	1.0654	289.992	1	3
506	506	643	506	137	1.27075	0.359886	506	0	0	475	1.06526	290.558	1	3
507	507	648	507	141	1.27811	0.360597	507	0	0	476	1.06513	291.145	1	3
508	508	649	508	141	1.27756	0.361309	508	0	0	477	1.06499	291.712	1	3
509	509	651	509	142	1.27898	0.36202	509	0	0	478	1.06485	292.324	1	3
510	510	652	510	142	1.27843	0.362731	510	0	0	479	1.06472	292.911	1	3
511	511	653	511	142	1.27789	0.363442	511	0	0	480	1.06458	293.477	1	3
512	512	654	512	142	1.27734	0.364154	512	0	0	481	1.06445	294.038	1	3
513	513	656	513	143	1.27875	0.364865	513	0	0	481	1.06653	294.868	1	3
514	514	657	514	143	1.27821	0.365576	514	0	0	482	1.06639	295.455	1	3
515	515	659	515	144	1.27961	0.366287	515	0	0	483	1.06625	296.07	1	3
516	516	660	516	144	1.27907	0.366999	516	0	0	484	1.06612	296.63	1	3
517	517	661	517	144	1.27853	0.36771	517	0	0	485	1.06598	297.194	1	3
518	518	665	518	147	1.28378	0.368421	518	0	0	486	1.06584	297.762	1	3
519	519	671	519	152	1.29287	0.369132	519	0	0	487	1.06571	298.324	1	3
520	520	673	520	153	1.29423	0.369844	520	0	0	487	1.06776	298.772	1	3
521	521	674	521	153	1.29367	0.370555	521	0	0	488	1.06762	299.355	1	3
522	522	675	522	153	1.2931	0.371266	522	0	0	489	1.06748	299.925	1	3
523	523	676	523	153	1.29254	0.371977	523	0	0	490	1.06735	300.513	1	3
524	524	677	524	153	1.29198	0.372688	524	0	0	491	1.06721	301.076	1	3
525	525	679	525	154	1.29333	0.3734	525	0	0	491	1.06925	301.789	1	3
526	526	684	526	158	1.30038	0.374111	526	0	0	491	1.07128	302.654	1	3
527	527	685	527	158	1.29981	0.374822	527	0	0	491	1.07332	302.661	1	3
528	528	686	528	158	1.29924	0.375533	528	0	0	492	1.07317	303.235	1	3
529	529	687	529	158	1.29868	0.376245	529	0	0	493	1.07302	303.8	1	3
530	530	689	530	159	1.3	0.376956	530	0	0	494	1.07287	304.359	1	3
531	531	690	531	159	1.29944	0.377667	531	0	0	495	1.07273	304.926	1	3
532	532	691	532	159	1.29887	0.378378	532	0	0	495	1.07475	305.773	1	3
533	533	692	533	159	1.29831	0.37909	533	0	0	496	1.0746	306.365	1	3
534	534	693	534	159	1.29775	0.379801	534	0	0	496	1.07661	307.165	1	3
535	535	694	535	159	1.2972	0.380512	535	0	0	497	1.07646	307.724	1	3
536	536	696	536	160	1.29851	0.381223	536	0	0	497	1.07847	308.188	1	3
537	537	697	537	160	1.29795	0.381935	537	0	0	497	1.08048	308.303	1	3
538	538	698	538	160	1.2974	0.382646	538	0	0	498	1.08032	308.893	1	3
539	539	699	539	160	1.29685	0.383357	539	0	0	499	1.08016	309.457	1	3
540	540	703	540	163	1.30185	0.384068	540	0	0	500	1.08	310.014	1	3
541	541	705	541	164	1.30314	0.38478	541	0	0	501	1.07984	310.576	1	3
542	542	707	542	165	1.30443	0.385491	542	0	0	501	1.08184	311.155	1	3
543	543	708	543	165	1.30387	0.386202	543	0	0	501	1.08383	311.81	1	3
544	544	710	544	166	1.30515	0.386913	544	0	0	501	1.08583	311.911	1	3
545	545	711	545	166	1.30459	0.387624	545	0	0	501	1.08782	312.766	1	3
546	546	712	546	166	1.30403	0.388336	546	0	0	502	1.08765	313.367	1	3
547	547	713	547	166	1.30347	0.389047	547	0	0	503	1.08748	313.952	1	3
548	548	722	548	174	1.31752	0.389758	548	0	0	504	1.0873	314.517	1	3
549	549	723	549	174	1.31694	0.390469	549	0	0	506	1.08498	314.844	1	3
550	550	724	550	174	1.31636	0.391181	550	0	0	506	1.08696	315.657	1	3
551	551	725	551	174	1.31579	0.391892	551	0	0	507	1.08678	316.258	1	3
552	552	726	552	174	1.31522	0.392603	552	0	0	508	1.08661	316.843	1	3
553	553	727	553	174	1.31465	0.393314	553	0	0	509	1.08644	317.407	1	3
554	554	728	554	174	1.31408	0.394026	554	0	0	510	1.08627	317.971	1	3
555	555	729	555	174	1.31351	0.394737	555	0	0	511	1.08611	318.526	1	3
556	556	733	556	177	1.31835	0.395448	556	0	0	512	1.08594	319.094	1	3
557	557	738	557	181	1.32496	0.396159	557	0	0	513	1.08577	319.651	1	3
558	558	741	558	183	1.32796	0.396871	558	0	0	514	1.0856	320.215	1	3
559	559	742	559	183	1.32737	0.397582	559	0	0	515	1.08544	320.8	1	3
560	560	744	560	184	1.32857	0.398293	560	0	0	515	1.08738	321.026	1	3
561	561	746	561	185	1.32977	0.399004	561	0	0	517	1.08511	321.53	1	3
562	562	749	562	187	1.33274	0.399716	562	0	0	518	1.08494	322.114	1	3
563	563	750	563	187	1.33215	0.400427	563	0	0	519	1.08478	322.671	1	3
564	564	751	564	187	1.33156	0.401138	564	0	0	520	1.08462	323.227	1	3
565	565	752	565	187	1.33097	0.401849	565	0	0	521	1.08445	323.824	1	3
566	566	753	566	187	1.33039	0.40256	566	0	0	522	1.08429	324.407	1	3
567	567	754	567	187	1.32981	0.403272	567	0	0	523	1.08413	324.972	1	3
568	568	755	568	187	1.32923	0.403983	568	0	0	524	1.08397	325.533	1	3
569	569	756	569	187	1.32865	0.404694	569	0	0	525	1.08381	326.135	1	3
570	570	757	570	187	1.32807	0.405405	570	0	0	525	1.08571	326.777	1	3
571	571	758	571	187	1.3275	0.406117	571	0	0	526	1.08555	327.341	1	3
572	572	760	572	188	1.32867	0.406828	572	0	0	527	1.08539	327.932	1	3
573	573	761	573	188	1.3281	0.407539	573	0	0	528	1.08523	328.49	1	3
574	574	769	574	195	1.33972	0.40825	574	0	0	529	1.08507	329.082	1	3
575	575	772	575	197	1.34261	0.408962	575	0	0	530	1.08491	329.658	1	3
576	576	774	576	198	1.34375	0.409673	576	0	0	530	1.08679	330.19	1	3
577	577	776	577	199	1.34489	0.410384	577	0	0	531	1.08663	330.758	1	3
578	578	780	578	202	1.34948	0.411095	578	0	0	532	1.08647	331.313	1	3
579	579	781	579	202	1.34888	0.411807	579	0	0	533	1.0863	331.873	1	3
580	580	784	580	204	1.35172	0.412518	580	0	0	534	1.08614	332.436	1	3
581	581	786	581	205	1.35284	0.413229	581	0	0	535	1.08598	332.992	1	3
582	582	787	582	205	1.35223	0.41394	582	0	0	536	1.08582	333.578	1	3
583	583	792	583	209	1.35849	0.414651	583	0	0	537	1.08566	334.14	1	3
584	584	794	584	210	1.35959	0.415363	584	0	0	538	1.0855	334.712	1	3
585	585	795	585	210	1.35897	0.416074	585	0	0	539	1.08534	335.275	1	3
586	586	797	586	211	1.36007	0.416785	586	0	0	540	1.08519	335.844	1	3
587	587	798	587	211	1.35945	0.417496	587	0	0	541	1.08503	336.4	1	3
588	588	800	588	212	1.36054	0.418208	588	0	0	542	1.08487	336.984	1	3
589	589	801	589	212	1.35993	0.418919	589	0	0	543	1.08471	337.582	1	3
590	590	802	590	212	1.35932	0.41963	590	0	0	544	1.08456	338.18	1	3
591	591	803	591	212	1.35871	0.420341	591	0	0	545	1.0844	338.795	1	3
592	592	804	592	212	1.35811	0.421053	592	0	0	546	1.08425	339.398	1	3
593	593	807	593	214	1.36088	0.421764	593	0	0	547	1.0841	339.962	1	3
594	594	811	594	217	1.36532	0.422475	594	0	0	548	1.08394	340.554	1	3
595	595	813	595	218	1.36639	0.423186	595	0	0	549	1.08379	341.138	1	3
596	596	817	596	221	1.37081	0.423898	596	0	0	550	1.08364	341.694	1	3
597	597	819	597	222	1.37186	0.424609	597	0	0	551	1.08348	342.297	1	3
598	598	820	598	222	1.37124	0.42532	598	0	0	552	1.08333	342.9	1	3
599	599	821	599	222	1.37062	0.426031	599	0	0	554	1.08123	343.159	1	3
600	600	822	600	222	1.37	0.426743	600	0	0	555	1.08108	343.745	1	3
601	601	823	601	222	1.36938	0.427454	601	0	0	556	1.08094	344.347	1	3
602	602	824	602	222	1.36877	0.428165	602	0	0	557	1.08079	344.944	1	3
603	603	827	603	224	1.37148	0.428876	603	0	0	558	1.08065	345.508	1	3
604	604	828	604	224	1.37086	0.429587	604	0	0	559	1.0805	346.072	1	3
605	605	829	605	224	1.37025	0.430299	605	0	0	560	1.08036	346.658	1	3
606	606	834	606	228	1.37624	0.43101	606	0	0	561	1.08021	347.216	1	3
607	607	835	607	228	1.37562	0.431721	607	0	0	562	1.08007	347.778	1	3
608	608	837	608	229	1.37664	0.432432	608	0	0	563	1.07993	348.404	1	3
609	609	838	609	229	1.37603	0.433144	609	0	0	564	1.07979	348.995	1	3
610	610	839	610	229	1.37541	0.433855	610	0	0	564	1.08156	349.849	1	3
611	611	841	611	230	1.37643	0.434566	611	0	0	564	1.08333	350.5	1	3
612	612	842	612	230	1.37582	0.435277	612	0	0	565	1.08319	351.067	1	3
613	613	849	613	236	1.38499	0.435989	613	0	0	566	1.08304	351.635	1	3
614	614	851	614	237	1.38599	0.4367	614	0	0	566	1.08481	352.061	1	3
615	615	852	615	237	1.38537	0.437411	615	0	0	567	1.08466	352.616	1	3
616	616	853	616	237	1.38474	0.438122	616	0	0	568	1.08451	353.21	1	3
617	617	854	617	237	1.38412	0.438834	617	0	0	568	1.08627	353.596	1	3
618	618	855	618	237	1.3835	0.439545	618	0	0	569	1.08612	354.151	1	3
619	619	856	619	237	1.38288	0.440256	619	0	0	569	1.08787	354.501	1	3
620	620	858	620	238	1.38387	0.440967	620	0	0	569	1.08963	354.675	1	3
621	621	860	621	239	1.38486	0.441679	621	0	0	569	1.09139	355.157	1	3
622	622	864	622	242	1.38907	0.44239	622	0	0	569	1.09315	355.492	1	3
623	623	865	623	242	1.38844	0.443101	623	0	0	570	1.09298	356.065	1	3
624	624	869	624	245	1.39263	0.443812	624	0	0	571	1.09282	356.646	1	3
625	625	874	625	249	1.3984	0.444523	625	0	0	572	1.09266	357.203	1	3
626	626	875	626	249	1.39776	0.445235	626	0	0	573	1.0925	357.756	1	3
627	627	880	627	253	1.40351	0.445946	627	0	0	574	1.09233	358.361	1	3
628	628	884	628	256	1.40764	0.446657	628	0	0	575	1.09217	358.959	1	3
629	629	885	629	256	1.407	0.447368	629	0	0	576	1.09201	359.519	1	3
630	630	886	630	256	1.40635	0.44808	630	0	0	578	1.08997	359.828	1	3
631	631	887	631	256	1.40571	0.448791	631	0	0	579	1.08981	360.461	1	3
632	632	888	632	256	1.40506	0.449502	632	0	0	580	1.08966	361.045	1	3
633	633	889	633	256	1.40442	0.450213	633	0	0	581	1.0895	361.64	1	3
634	634	892	634	258	1.40694	0.450925	634	0	0	581	1.09122	362.069	1	3
635	635	893	635	258	1.4063	0.451636	635	0	0	582	1.09107	362.705	1	3
636	636	894	636	258	1.40566	0.452347	636	0	0	584	1.08904	363.545	1	3
637	637	895	637	258	1.40502	0.453058	637	0	0	585	1.08889	364.105	1	3
638	638	896	638	258	1.40439	0.45377	638	0	0	586	1.08874	364.702	1	3
639	639	908	639	269	1.42097	0.454481	639	0	0	587	1.08859	365.275	1	3
640	640	912	640	272	1.425	0.455192	640	0	0	588	1.08844	365.9	1	3
641	641	913	641	272	1.42434	0.455903	641	0	0	589	1.08829	366.498	1	3
642	642	914	642	272	1.42368	0.456615	642	0	0	590	1.08814	367.071	1	3
643	643	915	643	272	1.42302	0.457326	643	0	0	591	1.08799	367.636	1	3
644	644	917	644	273	1.42391	0.458037	644	0	0	592	1.08784	368.196	1	3
645	645	918	645	273	1.42326	0.458748	645	0	0	593	1.08769	368.751	1	3
646	646	919	646	273	1.4226	0.459459	646	0	0	594	1.08754	369.311	1	3
647	647	925	647	278	1.42968	0.460171	647	0	0	594	1.08923	369.749	1	3
648	648	926	648	278	1.42901	0.460882	648	0	0	595	1.08908	370.319	1	3
649	649	928	649	279	1.42989	0.461593	649	0	0	594	1.09259	371.385	1	3
650	650	929	650	279	1.42923	0.462304	650	0	0	595	1.09244	371.985	1	3
651	651	930	651	279	1.42857	0.463016	651	0	0	596	1.09228	372.57	1	3
652	652	932	652	280	1.42945	0.463727	652	0	0	598	1.0903	372.874	1	3
653	653	935	653	282	1.43185	0.464438	653	0	0	599	1.09015	373.444	1	3
654	654	938	654	284	1.43425	0.465149	654	0	0	600	1.09	374.043	1	3
655	655	945	655	290	1.44275	0.465861	655	0	0	601	1.08985	374.613	1	3
656	656	954	656	298	1.45427	0.466572	656	0	0	602	1.0897	375.169	1	3
657	657	955	657	298	1.45358	0.467283	657	0	0	603	1.08955	375.766	1	3
658	658	956	658	298	1.45289	0.467994	658	0	0	603	1.09121	376.581	1	3
659	659	957	659	298	1.4522	0.468706	659	0	0	605	1.08926	376.889	1	3
660	660	958	660	298	1.45152	0.469417	660	0	0	606	1.08911	377.501	1	3
661	661	960	661	299	1.45234	0.470128	661	0	0	606	1.09076	377.871	1	3
662	662	966	662	304	1.45921	0.470839	662	0	0	606	1.09241	378.259	1	3
663	663	967	663	304	1.45852	0.47155	663	0	0	607	1.09226	378.867	1	3
664	664	974	664	310	1.46687	0.472262	664	0	0	608	1.09211	379.422	1	3
665	665	975	665	310	1.46617	0.472973	665	0	0	609	1.09195	380.004	1	3
666	666	978	666	312	1.46847	0.473684	666	0	0	610	1.0918	380.563	1	3
667	667	979	667	312	1.46777	0.474395	667	0	0	611	1.09165	381.117	1	3
668	668	980	668	312	1.46707	0.475107	668	0	0	611	1.09329	381.911	1	3
669	669	981	669	312	1.46637	0.475818	669	0	0	612	1.09314	382.512	1	3
670	670	988	670	318	1.47463	0.476529	670	0	0	613	1.09299	383.07	1	3
671	671	989	671	318	1.47392	0.47724	671	0	0	614	1.09283	383.63	1	3
672	672	992	672	320	1.47619	0.477952	672	0	0	615	1.09268	384.182	1	3
673	673	996	673	323	1.47994	0.478663	673	0	0	615	1.09431	384.387	1	4
674	674	998	674	324	1.48071	0.479374	674	0	0	616	1.09416	384.952	1	4
675	675	1000	675	325	1.48148	0.480085	675	0	0	617	1.094	385.512	1	4
676	676	1001	676	325	1.48077	0.480797	676	0	0	618	1.09385	386.065	1	4
677	677	1002	677	325	1.48006	0.481508	677	0	0	619	1.0937	386.663	1	4
678	678	1005	678	327	1.4823	0.482219	678	0	0	620	1.09355	387.215	1	4
679	679	1006	679	327	1.48159	0.48293	679	0	0	622	1.09164	387.635	1	4
680	680	1009	680	329	1.48382	0.483642	680	0	0	623	1.09149	388.194	1	4
681	681	1011	681	330	1.48458	0.484353	681	0	0	624	1.09135	388.748	1	4
682	682	1013	682	331	1.48534	0.485064	682	0	0	625	1.0912	389.327	1	4
683	683	1014	683	331	1.48463	0.485775	683	0	0	626	1.09105	389.907	1	4
684	684	1016	684	332	1.48538	0.486486	684	0	0	627	1.09091	390.464	1	4
685	685	1018	685	333	1.48613	0.487198	685	0	0	628	1.09076	391.045	1	4
686	686	1025	686	339	1.49417	0.487909	686	0	0	629	1.09062	391.607	1	4
687	687	1028	687	341	1.49636	0.48862	687	0	0	629	1.09221	392.31	1	4
688	688	1029	688	341	1.49564	0.489331	688	0	0	630	1.09206	392.945	1	4
689	689	1030	689	341	1.49492	0.490043	689	0	0	631	1.09192	393.507	1	4
690	690	1032	690	342	1.49565	0.490754	690	0	0	632	1.09177	394.088	1	4
691	691	1035	691	344	1.49783	0.491465	691	0	0	632	1.09335	394.19	1	4
692	692	1036	692	344	1.49711	0.492176	692	0	0	634	1.09148	395.292	1	4
693	693	1037	693	344	1.49639	0.492888	693	0	0	635	1.09134	395.926	1	4
694	694	1047	694	353	1.50865	0.493599	694	0	0	636	1.09119	396.495	1	4
695	695	1048	695	353	1.50791	0.49431	695	0	0	637	1.09105	397.129	1	4
696	696	1064	696	368	1.52874	0.495021	696	0	0	638	1.09091	397.684	1	4
697	697	1065	697	368	1.52798	0.495733	697	0	0	639	1.09077	398.245	1	4
698	698	1066	698	368	1.52722	0.496444	698	0	0	640	1.09063	398.806	1	4
699	699	1069	699	370	1.52933	0.497155	699	0	0	641	1.09048	399.359	1	4
700	700	1070	700	370	1.52857	0.497866	700	0	0	642	1.09034	399.912	1	4
701	701	1071	701	370	1.52782	0.498578	701	0	0	643	1.0902	400.465	1	4
702	702	1073	702	371	1.52849	0.499289	702	0	0	644	1.09006	401.064	1	4
703	703	1074	703	371	1.52774	0.5	703	0	0	645	1.08992	401.624	1	4
704	704	1076	704	372	1.52841	0.500711	704	0	0	646	1.08978	402.185	1	4
705	705	1078	705	373	1.52908	0.501422	705	0	0	647	1.08964	402.778	1	4
706	706	1080	706	374	1.52975	0.502134	706	0	0	648	1.08951	403.357	1	4
707	707	1081	707	374	1.529	0.502845	707	0	0	649	1.08937	403.931	1	4
708	708	1082	708	374	1.52825	0.503556	708	0	0	650	1.08923	404.537	1	4
709	709	1083	709	374	1.5275	0.504267	709	0	0	651	1.08909	405.091	1	4
710	710	1088	710	378	1.53239	0.504979	710	0	0	652	1.08896	405.674	1	4
711	711	1089	711	378	1.53165	0.50569	711	0	0	653	1.08882	406.236	1	4
712	712	1090	712	378	1.5309	0.506401	712	0	0	654	1.08869	406.797	1	4
713	713	1092	713	379	1.53156	0.507112	713	0	0	654	1.09021	407.643	1	4
714	714	1096	714	382	1.53501	0.507824	714	0	0	655	1.09008	408.201	1	4
715	715	1097	715	382	1.53427	0.508535	715	0	0	656	1.08994	408.783	1	4
716	716	1099	716	383	1.53492	0.509246	716	0	0	657	1.0898	409.343	1	4
717	717	1105	717	388	1.54114	0.509957	717	0	0	658	1.08967	409.908	1	4
718	718	1106	718	388	1.54039	0.510669	718	0	0	659	1.08953	410.477	1	4
719	719	1107	719	388	1.53964	0.51138	719	0	0	660	1.08939	411.043	1	4
720	720	1108	720	388	1.53889	0.512091	720	0	0	661	1.08926	411.658	1	4
721	721	1109	721	388	1.53814	0.512802	721	0	0	662	1.08912	412.273	1	4
722	722	1110	722	388	1.5374	0.513514	722	0	0	663	1.08899	412.887	1	4
723	723	1112	723	389	1.53804	0.514225	723	0	0	663	1.0905	413.741	1	4
724	724	1114	724	390	1.53867	0.514936	724	0	0	663	1.09201	413.986	1	4
725	725	1115	725	390	1.53793	0.515647	725	0	0	664	1.09187	414.619	1	4
726	726	1119	726	393	1.54132	0.516358	726	0	0	665	1.09173	415.218	1	4
727	727	1120	727	393	1.54058	0.51707	727	0	0	666	1.09159	415.775	1	4
728	728	1128	728	400	1.54945	0.517781	728	0	0	667	1.09145	416.334	1	4
729	729	1131	729	402	1.55144	0.518492	729	0	0	668	1.09132	416.887	1	4
730	730	1132	730	402	1.55068	0.519203	730	0	0	669	1.09118	417.466	1	4
731	731	1133	731	402	1.54993	0.519915	731	0	0	670	1.09104	418.02	1	4
732	732	1135	732	403	1.55055	0.520626	732	0	0	670	1.09254	418.422	1	4
733	733	1136	733	403	1.5498	0.521337	733	0	0	671	1.0924	418.976	1	4
734	734	1143	734	409	1.55722	0.522048	734	0	0	672	1.09226	419.528	1	4
735	735	1148	735	413	1.5619	0.52276	735	0	0	673	1.09212	420.085	1	4
736	736	1162	736	426	1.5788	0.523471	736	0	0	674	1.09199	420.644	1	4
737	737	1165	737	428	1.58073	0.524182	737	0	0	675	1.09185	421.225	1	4
738	738	1167	738	429	1.5813	0.524893	738	0	0	677	1.0901	421.975	1	4
739	739	1174	739	435	1.58863	0.525605	739	0	0	677	1.09158	422.281	1	4
740	740	1175	740	435	1.58784	0.526316	740	0	0	678	1.09145	422.915	1	4
741	741	1176	741	435	1.58704	0.527027	741	0	0	679	1.09131	423.476	1	4
742	742	1177	742	435	1.58625	0.527738	742	0	0	680	1.09118	424.04	1	4
743	743	1179	743	436	1.58681	0.528449	743	0	0	680	1.09265	424.75	1	4
744	744	1181	744	437	1.58737	0.529161	744	0	0	679	1.09573	425.872	1	4
745	745	1187	745	442	1.59329	0.529872	745	0	0	680	1.09559	426.433	1	4
746	746	1190	746	444	1.59517	0.530583	746	0	0	681	1.09545	427.015	1	4
747	747	1191	747	444	1.59438	0.531294	747	0	0	682	1.09531	427.649	1	4
748	748	1195	748	447	1.59759	0.532006	748	0	0	683	1.09517	428.205	1	4
749	749	1204	749	455	1.60748	0.532717	749	0	0	684	1.09503	428.757	1	4
750	750	1205	750	455	1.60667	0.533428	750	0	0	685	1.09489	429.33	1	4
751	751	1206	751	455	1.60586	0.534139	751	0	0	686	1.09475	429.932	1	4
752	752	1210	752	458	1.60904	0.534851	752	0	0	687	1.09461	430.485	1	4
753	753	1213	753	460	1.61089	0.535562	753	0	0	688	1.09448	431.05	1	4
754	754	1221	754	467	1.61936	0.536273	754	0	0	689	1.09434	431.611	1	4
755	755	1222	755	467	1.61854	0.536984	755	0	0	690	1.0942	432.163	1	4
756	756	1225	756	469	1.62037	0.537696	756	0	0	691	1.09407	432.78	1	4
757	757	1226	757	469	1.61955	0.538407	757	0	0	691	1.09551	432.911	1	4
758	758	1227	758	469	1.61873	0.539118	758	0	0	692	1.09538	433.52	1	4
759	759	1228	759	469	1.61792	0.539829	759	0	0	693	1.09524	434.117	1	4
760	760	1238	760	478	1.62895	0.540541	760	0	0	694	1.0951	434.682	1	4
761	761	1243	761	482	1.63338	0.541252	761	0	0	695	1.09496	435.284	1	4
762	762	1244	762	482	1.63255	0.541963	762	0	0	696	1.09483	435.836	1	4
763	763	1245	763	482	1.63172	0.542674	763	0	0	697	1.09469	436.395	1	4
764	764	1250	764	486	1.63613	0.543386	764	0	0	698	1.09456	436.955	1	4
765	765	1255	765	490	1.64052	0.544097	765	0	0	698	1.09599	437.068	1	4
766	766	1257	766	491	1.64099	0.544808	766	0	0	700	1.09429	438.243	1	4
767	767	1262	767	495	1.64537	0.545519	767	0	0	701	1.09415	438.825	1	4
768	768	1265	768	497	1.64714	0.54623	768	0	0	702	1.09402	439.377	1	4
769	769	1274	769	505	1.6567	0.546942	769	0	0	702	1.09544	440.127	1	4
770	770	1275	770	505	1.65584	0.547653	770	0	0	703	1.09531	440.701	1	4
771	771	1276	771	505	1.65499	0.548364	771	0	0	704	1.09517	441.303	1	4
772	772	1291	772	519	1.67228	0.549075	772	0	0	705	1.09504	441.884	1	4
773	773	1296	773	523	1.67658	0.549787	773	0	0	706	1.0949	442.468	1	4
774	774	1297	774	523	1.67571	0.550498	774	0	0	707	1.09477	443.075	1	4
775	775	1298	775	523	1.67484	0.551209	775	0	0	708	1.09463	443.676	1	4
776	776	1303	776	527	1.67912	0.55192	776	0	0	710	1.09296	443.998	1	4
777	777	1304	777	527	1.67825	0.552632	777	0	0	710	1.09437	444.861	1	4
778	778	1312	778	534	1.68638	0.553343	778	0	0	711	1.09423	445.414	1	4
779	779	1315	779	536	1.68806	0.554054	779	0	0	711	1.09564	445.419	1	4
780	780	1316	780	536	1.68718	0.554765	780	0	0	712	1.09551	446.035	1	4
781	781	1317	781	536	1.6863	0.555477	781	0	0	713	1.09537	446.668	1	4
782	782	1319	782	537	1.6867	0.556188	782	0	0	714	1.09524	447.284	1	4
783	783	1325	783	542	1.69221	0.556899	783	0	0	715	1.0951	447.845	1	4
784	784	1334	784	550	1.70153	0.55761	784	0	0	716	1.09497	448.406	1	4
785	785	1337	785	552	1.70318	0.558321	785	0	0	717	1.09484	448.984	1	4
786	786	1338	786	552	1.70229	0.559033	786	0	0	718	1.09471	449.549	1	4
787	787	1345	787	558	1.70902	0.559744	787	0	0	719	1.09458	450.111	1	4
788	788	1346	788	558	1.70812	0.560455	788	0	0	720	1.09444	450.672	1	4
789	789	1352	789	563	1.71356	0.561166	789	0	0	721	1.09431	451.267	1	4
790	790	1353	790	563	1.71266	0.561878	790	0	0	722	1.09418	451.879	1	4
791	791	1356	791	565	1.71429	0.562589	791	0	0	723	1.09405	452.44	1	4
792	792	1357	792	565	1.71338	0.5633	792	0	0	725	1.09241	453.026	1	4
793	793	1358	793	565	1.71248	0.564011	793	0	0	726	1.09229	453.626	1	4
794	794	1362	794	568	1.71537	0.564723	794	0	0	727	1.09216	454.186	1	4
795	795	1374	795	579	1.7283	0.565434	795	0	0	728	1.09203	454.757	1	4
796	796	1384	796	588	1.73869	0.566145	796	0	0	729	1.09191	455.354	1	4
797	797	1389	797	592	1.74279	0.566856	797	0	0	730	1.09178	455.912	1	4
798	798	1391	798	593	1.74311	0.567568	798	0	0	731	1.09166	456.508	1	4
799	799	1393	799	594	1.74343	0.568279	799	0	0	731	1.09302	457.364	1	4
800	800	1396	800	596	1.745	0.56899	800	0	0	732	1.0929	457.991	1	4
801	801	1403	801	602	1.75156	0.569701	801	0	0	732	1.09426	458.672	1	4
802	802	1412	802	610	1.7606	0.570413	802	0	0	733	1.09413	459.238	1	4
803	803	1413	803	610	1.75965	0.571124	803	0	0	734	1.09401	459.8	1	4
804	804	1414	804	610	1.75871	0.571835	804	0	0	735	1.09388	460.355	1	4
805	805	1415	805	610	1.75776	0.572546	805	0	0	736	1.09375	460.922	1	4
806	806	1417	806	611	1.75806	0.573257	806	0	0	737	1.09362	461.478	1	4
807	807	1429	807	622	1.77076	0.573969	807	0	0	738	1.0935	462.065	1	4
808	808	1432	808	624	1.77228	0.57468	808	0	0	739	1.09337	462.696	1	4
809	809	1434	809	625	1.77256	0.575391	809	0	0	739	1.09472	463.228	1	4
810	810	1453	810	643	1.79383	0.576102	810	0	0	739	1.09608	463.539	1	4
811	811	1454	811	643	1.79285	0.576814	811	0	0	740	1.09595	464.175	1	4
812	812	1455	812	643	1.79187	0.577525	812	0	0	741	1.09582	464.727	1	4
813	813	1457	813	644	1.79213	0.578236	813	0	0	742	1.09569	465.292	1	4
814	814	1458	814	644	1.79115	0.578947	814	0	0	743	1.09556	465.845	1	4
815	815	1460	815	645	1.79141	0.579659	815	0	0	743	1.0969	466.499	1	4
816	816	1462	816	646	1.79167	0.58037	816	0	0	744	1.09677	467.051	1	4
817	817	1476	817	659	1.80661	0.581081	817	0	0	745	1.09664	467.61	1	4
818	818	1477	818	659	1.80562	0.581792	818	0	0	746	1.09651	468.17	1	4
819	819	1478	819	659	1.80464	0.582504	819	0	0	747	1.09639	468.729	1	4
820	820	1480	820	660	1.80488	0.583215	820	0	0	747	1.09772	468.779	1	4
821	821	1481	821	660	1.8039	0.583926	821	0	0	748	1.09759	469.331	1	4
822	822	1482	822	660	1.80292	0.584637	822	0	0	749	1.09746	469.886	1	4
823	823	1483	823	660	1.80194	0.585348	823	0	0	750	1.09733	470.445	1	4
824	824	1484	824	660	1.80097	0.58606	824	0	0	751	1.0972	471.075	1	4
825	825	1486	825	661	1.80121	0.586771	825	0	0	752	1.09707	471.63	1	4
826	826	1488	826	662	1.80145	0.587482	826	0	0	752	1.0984	472.244	1	4
827	827	1489	827	662	1.80048	0.588193	827	0	0	753	1.09827	472.823	1	4
828	828	1490	828	662	1.79952	0.588905	828	0	0	754	1.09814	473.404	1	4
829	829	1495	829	666	1.80338	0.589616	829	0	0	754	1.09947	473.858	1	4
830	830	1505	830	675	1.81325	0.590327	830	0	0	755	1.09934	474.418	1	4
831	831	1507	831	676	1.81348	0.591038	831	0	0	755	1.10066	474.774	1	4
832	832	1508	832	676	1.8125	0.59175	832	0	0	756	1.10053	475.372	1	4
833	833	1509	833	676	1.81152	0.592461	833	0	0	756	1.10185	476.168	1	4
834	834	1510	834	676	1.81055	0.593172	834	0	0	757	1.10172	476.745	1	4
835	835	1514	835	679	1.81317	0.593883	835	0	0	758	1.10158	477.325	1	4
836	836	1515	836	679	1.8122	0.594595	836	0	0	759	1.10145	477.966	1	4
837	837	1517	837	680	1.81243	0.595306	837	0	0	759	1.10277	478.776	1	4
838	838	1518	838	680	1.81146	0.596017	838	0	0	760	1.10263	479.347	1	4
839	839	1526	839	687	1.81883	0.596728	839	0	0	761	1.1025	479.903	1	4
840	840	1529	840	689	1.82024	0.59744	840	0	0	762	1.10236	480.469	1	4
841	841	1530	841	689	1.81926	0.598151	841	0	0	763	1.10223	481.075	1	4
842	842	1531	842	689	1.81829	0.598862	842	0	0	763	1.10354	481.433	1	4
843	843	1532	843	689	1.81732	0.599573	843	0	0	763	1.10485	482.079	1	4
844	844	1533	844	689	1.81635	0.600285	844	0	0	764	1.10471	482.671	1	4
845	845	1534	845	689	1.81538	0.600996	845	0	0	765	1.10458	483.221	1	4
846	846	1540	846	694	1.82033	0.601707	846	0	0	766	1.10444	483.77	1	4
847	847	1541	847	694	1.81936	0.602418	847	0	0	767	1.1043	484.383	1	4
848	848	1544	848	696	1.82075	0.603129	848	0	0	767	1.10561	484.838	1	4
849	849	1552	849	703	1.82803	0.603841	849	0	0	768	1.10547	485.387	1	4
850	850	1553	850	703	1.82706	0.604552	850	0	0	769	1.10533	485.944	1	4
851	851	1568	851	717	1.84254	0.605263	851	0	0	770	1.10519	486.552	1	4
852	852	1569	852	717	1.84155	0.605974	852	0	0	771	1.10506	487.101	1	4
853	853	1570	853	717	1.84056	0.606686	853	0	0	772	1.10492	487.721	1	4
854	854	1577	854	723	1.8466	0.607397	854	0	0	773	1.10479	488.27	1	4
855	855	1586	855	731	1.85497	0.608108	855	0	0	774	1.10465	488.878	1	4
856	856	1591	856	735	1.85864	0.608819	856	0	0	775	1.10452	489.52	1	4
857	857	1592	857	735	1.85764	0.609531	857	0	0	775	1.10581	490.313	1	4
858	858	1593	858	735	1.85664	0.610242	858	0	0	776	1.10567	490.927	1	4
859	859	1595	859	736	1.85681	0.610953	859	0	0	777	1.10553	491.497	1	4
860	860	1596	860	736	1.85581	0.611664	860	0	0	778	1.1054	492.046	1	4
861	861	1597	861	736	1.85482	0.612376	861	0	0	779	1.10526	492.604	1	4
862	862	1602	862	740	1.85847	0.613087	862	0	0	779	1.10655	493.434	1	4
863	863	1603	863	740	1.85747	0.613798	863	0	0	780	1.10641	494.011	1	4
864	864	1609	864	745	1.86227	0.614509	864	0	0	781	1.10627	494.64	1	4
865	865	1626	865	761	1.87977	0.61522	865	0	0	782	1.10614	495.199	1	4
866	866	1628	866	762	1.87991	0.615932	866	0	0	782	1.10742	495.819	1	4
867	867	1634	867	767	1.88466	0.616643	867	0	0	782	1.1087	496.594	1	4
868	868	1635	868	767	1.88364	0.617354	868	0	0	783	1.10856	497.197	1	4
869	869	1636	869	767	1.88262	0.618065	869	0	0	784	1.10842	497.797	1	4
870	870	1638	870	768	1.88276	0.618777	870	0	0	785	1.10828	498.435	1	4
871	871	1640	871	769	1.88289	0.619488	871	0	0	785	1.10955	499.141	1	4
872	872	1642	872	770	1.88303	0.620199	872	0	0	786	1.10941	499.774	1	4
873	873	1644	873	771	1.88316	0.62091	873	0	0	787	1.10928	500.326	1	4
874	874	1653	874	779	1.8913	0.621622	874	0	0	789	1.10773	500.85	1	4
875	875	1661	875	786	1.89829	0.622333	875	0	0	790	1.10759	501.402	1	4
876	876	1665	876	789	1.90068	0.623044	876	0	0	791	1.10746	501.953	1	4
877	877	1672	877	795	1.9065	0.623755	877	0	0	791	1.10872	502.082	1	4
878	878	1673	878	795	1.90547	0.624467	878	0	0	791	1.10999	502.193	1	4
879	879	1674	879	795	1.90444	0.625178	879	0	0	791	1.11125	502.265	1	4
880	880	1675	880	795	1.90341	0.625889	880	0	0	792	1.11111	502.828	1	4
881	881	1697	881	816	1.92622	0.6266	881	0	0	793	1.11097	503.392	1	4
882	882	1698	882	816	1.92517	0.627312	882	0	0	793	1.11223	504.249	1	4
883	883	1701	883	818	1.92639	0.628023	883	0	0	793	1.11349	504.967	1	4
884	884	1717	884	833	1.94231	0.628734	884	0	0	794	1.11335	505.558	1	4
885	885	1718	885	833	1.94124	0.629445	885	0	0	796	1.11181	506.661	1	4
886	886	1723	886	837	1.9447	0.630156	886	0	0	797	1.11167	507.208	1	4
887	887	1730	887	843	1.95039	0.630868	887	0	0	798	1.11153	507.775	1	4
888	888	1732	888	844	1.95045	0.631579	888	0	0	799	1.11139	508.419	1	4
889	889	1733	889	844	1.94938	0.63229	889	0	0	800	1.11125	508.974	1	4
890	890	1736	890	846	1.95056	0.633001	890	0	0	801	1.11111	509.556	1	4
891	891	1739	891	848	1.95174	0.633713	891	0	0	802	1.11097	510.194	1	4
892	892	1740	892	848	1.95067	0.634424	892	0	0	803	1.11083	510.772	1	4
893	893	1741	893	848	1.94961	0.635135	893	0	0	804	1.1107	511.379	1	4
894	894	1742	894	848	1.94855	0.635846	894	0	0	805	1.11056	511.955	1	4
895	895	1743	895	848	1.94749	0.636558	895	0	0	806	1.11042	512.502	1	4
896	896	1744	896	848	1.94643	0.637269	896	0	0	808	1.10891	513.799	1	4
897	897	1747	897	850	1.9476	0.63798	897	0	0	808	1.11015	514.335	1	4
898	898	1749	898	851	1.94766	0.638691	898	0	0	808	1.11139	514.935	1	4
899	899	1766	899	867	1.9644	0.639403	899	0	0	807	1.114	516.071	1	4
900	900	1767	900	867	1.96333	0.640114	900	0	0	808	1.11386	516.716	1	4
901	901	1768	901	867	1.96226	0.640825	901	0	0	809	1.11372	517.299	1	4
902	902	1769	902	867	1.9612	0.641536	902	0	0	810	1.11358	517.849	1	4
903	903	1784	903	881	1.97564	0.642247	903	0	0	811	1.11344	518.401	1	4
904	904	1785	904	881	1.97456	0.642959	904	0	0	812	1.1133	518.995	1	4
905	905	1791	905	886	1.97901	0.64367	905	0	0	813	1.11316	519.603	1	4
906	906	1794	906	888	1.98013	0.644381	906	0	0	814	1.11302	520.15	1	4
907	907	1796	907	889	1.98015	0.645092	907	0	0	815	1.11288	520.788	1	4
908	908	1805	908	897	1.98789	0.645804	908	0	0	816	1.11275	521.351	1	4
909	909	1806	909	897	1.9868	0.646515	909	0	0	817	1.11261	521.961	1	4
910	910	1808	910	898	1.98681	0.647226	910	0	0	818	1.11247	522.601	1	4
911	911	1818	911	907	1.99561	0.647937	911	0	0	819	1.11233	523.157	1	4
912	912	1833	912	921	2.00987	0.648649	912	0	0	820	1.1122	523.714	1	4
913	913	1844	913	931	2.01972	0.64936	913	0	0	821	1.11206	524.271	1	4
914	914	1855	914	941	2.02954	0.650071	914	0	0	822	1.11192	524.823	1	4
915	915	1857	915	942	2.02951	0.650782	915	0	0	822	1.11314	524.991	1	4
916	916	1860	916	944	2.03057	0.651494	916	0	0	823	1.113	525.564	1	4
917	917	1863	917	946	2.03162	0.652205	917	0	0	824	1.11286	526.11	1	4
918	918	1864	918	946	2.0305	0.652916	918	0	0	825	1.11273	526.752	1	4
919	919	1870	919	951	2.03482	0.653627	919	0	0	826	1.11259	527.326	1	4
920	920	1871	920	951	2.0337	0.654339	920	0	0	827	1.11245	527.918	1	4
921	921	1880	921	959	2.04126	0.65505	921	0	0	828	1.11232	528.481	1	4
922	922	1881	922	959	2.04013	0.655761	922	0	0	829	1.11218	529.102	1	4
923	923	1901	923	978	2.05959	0.656472	923	0	0	830	1.11205	529.649	1	4
924	924	1904	924	980	2.06061	0.657184	924	0	0	831	1.11191	530.241	1	4
925	925	1905	925	980	2.05946	0.657895	925	0	0	832	1.11178	530.848	1	4
926	926	1911	926	985	2.06371	0.658606	926	0	0	833	1.11164	531.406	1	4
927	927	1913	927	986	2.06365	0.659317	927	0	0	834	1.11151	532.013	1	4
928	928	1916	928	988	2.06466	0.660028	928	0	0	834	1.11271	532.868	1	4
929	929	1944	929	1015	2.09257	0.66074	929	0	0	835	1.11257	533.414	1	4
930	930	1946	930	1016	2.09247	0.661451	930	0	0	836	1.11244	533.992	1	4
931	931	1953	931	1022	2.09774	0.662162	931	0	0	837	1.11231	534.547	1	4
932	932	1957	932	1025	2.09979	0.662873	932	0	0	837	1.1135	535.409	1	4
933	933	1974	933	1041	2.11576	0.663585	933	0	0	838	1.11337	535.991	1	4
934	934	1981	934	1047	2.12099	0.664296	934	0	0	839	1.11323	536.584	1	4
935	935	1984	935	1049	2.12193	0.665007	935	0	0	840	1.1131	537.138	1	4
936	936	1985	936	1049	2.12073	0.665718	936	0	0	841	1.11296	537.72	1	4
937	937	1986	937	1049	2.11953	0.66643	937	0	0	842	1.11283	538.278	1	4
938	938	1987	938	1049	2.11834	0.667141	938	0	0	843	1.11269	538.92	1	4
939	939	1990	939	1051	2.11928	0.667852	939	0	0	845	1.11124	540.14	1	4
940	940	1997	940	1057	2.12447	0.668563	940	0	0	845	1.11243	540.981	1	4
941	941	1999	941	1058	2.12434	0.669275	941	0	0	845	1.11361	541.847	1	4
942	942	2000	942	1058	2.12314	0.669986	942	0	0	846	1.11348	542.422	1	4
943	943	2003	943	1060	2.12407	0.670697	943	0	0	847	1.11334	542.996	1	4
944	944	2004	944	1060	2.12288	0.671408	944	0	0	848	1.11321	543.602	1	4
945	945	2005	945	1060	2.12169	0.672119	945	0	0	849	1.11307	544.156	1	4
946	946	2015	946	1069	2.13002	0.672831	946	0	0	850	1.11294	544.702	1	4
947	947	2022	947	1075	2.13516	0.673542	947	0	0	851	1.11281	545.259	1	4
948	948	2026	948	1078	2.13713	0.674253	948	0	0	852	1.11268	545.818	1	4
949	949	2027	949	1078	2.13593	0.674964	949	0	0	853	1.11254	546.424	1	4
950	950	2028	950	1078	2.13474	0.675676	950	0	0	854	1.11241	547.03	1	4
951	951	2050	951	1099	2.15563	0.676387	951	0	0	855	1.11228	547.588	1	4
952	952	2051	952	1099	2.15441	0.677098	952	0	0	856	1.11215	548.146	1	4
953	953	2052	953	1099	2.1532	0.677809	953	0	0	857	1.11202	548.766	1	4
954	954	2053	954	1099	2.15199	0.678521	954	0	0	858	1.11189	549.313	1	4
955	955	2054	955	1099	2.15079	0.679232	955	0	0	858	1.11305	549.867	1	4
956	956	2056	956	1100	2.15063	0.679943	956	0	0	859	1.11292	550.424	1	4
957	957	2103	957	1146	2.19749	0.680654	957	0	0	860	1.11279	550.97	1	4
958	958	2105	958	1147	2.19729	0.681366	958	0	0	861	1.11266	551.539	1	4
959	959	2156	959	1197	2.24818	0.682077	959	0	0	862	1.11253	552.085	1	4
960	960	2159	960	1199	2.24896	0.682788	960	0	0	863	1.1124	552.692	1	4
961	961	2170	961	1209	2.25806	0.683499	961	0	0	864	1.11227	553.25	1	4
962	962	2171	962	1209	2.25676	0.684211	962	0	0	865	1.11214	553.806	1	4
963	963	2172	963	1209	2.25545	0.684922	963	0	0	866	1.11201	554.383	1	4
964	964	2177	964	1213	2.2583	0.685633	964	0	0	867	1.11188	554.99	1	4
965	965	2182	965	1217	2.26114	0.686344	965	0	0	868	1.11175	555.596	1	4
966	966	2225	966	1259	2.30331	0.687055	966	0	0	869	1.11162	556.143	1	4
967	967	2227	967	1260	2.303	0.687767	967	0	0	869	1.11277	556.667	1	4
968	968	2228	968	1260	2.30165	0.688478	968	0	0	870	1.11264	557.223	1	4
969	969	2229	969	1260	2.30031	0.689189	969	0	0	871	1.11251	557.843	1	4
970	970	2230	970	1260	2.29897	0.6899	970	0	0	872	1.11239	558.39	1	4
971	971	2232	971	1261	2.29866	0.690612	971	0	0	872	1.11353	559.166	1	4
972	972	2243	972	1271	2.30761	0.691323	972	0	0	873	1.1134	559.711	1	4
973	973	2244	973	1271	2.30627	0.692034	973	0	0	874	1.11327	560.258	1	4
974	974	2245	974	1271	2.30493	0.692745	974	0	0	875	1.11314	560.816	1	4
975	975	2247	975	1272	2.30462	0.693457	975	0	0	875	1.11429	561.123	1	4
976	976	2267	976	1291	2.32275	0.694168	976	0	0	875	1.11543	561.57	1	4
977	977	2270	977	1293	2.32344	0.694879	977	0	0	875	1.11657	561.741	1	4
978	978	2277	978	1299	2.32822	0.69559	978	0	0	875	1.11771	562.575	1	4
979	979	2278	979	1299	2.32686	0.696302	979	0	0	877	1.11631	563.776	1	4
980	980	2303	980	1323	2.35	0.697013	980	0	0	878	1.11617	564.339	1	4
981	981	2305	981	1324	2.34964	0.697724	981	0	0	879	1.11604	564.915	1	4
982	982	2327	982	1345	2.36965	0.698435	982	0	0	880	1.11591	565.463	1	4
983	983	2330	983	1347	2.3703	0.699147	983	0	0	881	1.11578	566.017	1	4
984	984	2333	984	1349	2.37093	0.699858	984	0	0	881	1.11691	566.574	1	4
985	985	2334	985	1349	2.36954	0.700569	985	0	0	882	1.11678	567.132	1	4
986	986	2335	986	1349	2.36815	0.70128	986	0	0	883	1.11665	567.693	1	4
987	987	2355	987	1368	2.38602	0.701991	987	0	0	884	1.11652	568.287	1	4
988	988	2356	988	1368	2.38462	0.702703	988	0	0	885	1.11638	568.832	1	4
989	989	2366	989	1377	2.39232	0.703414	989	0	0	886	1.11625	569.385	1	4
990	990	2367	990	1377	2.39091	0.704125	990	0	0	886	1.11738	569.827	1	4
991	991	2368	991	1377	2.38951	0.704836	991	0	0	887	1.11725	570.372	1	4
992	992	2369	992	1377	2.3881	0.705548	992	0	0	888	1.11712	571.008	1	4
993	993	2373	993	1380	2.38973	0.706259	993	0	0	888	1.11824	571.573	1	4
994	994	2375	994	1381	2.38934	0.70697	994	0	0	888	1.11937	572.363	1	4
995	995	2376	995	1381	2.38794	0.707681	995	0	0	889	1.11924	572.919	1	4
996	996	2384	996	1388	2.39357	0.708393	996	0	0	889	1.12036	573.572	1	4
997	997	2386	997	1389	2.39318	0.709104	997	0	0	890	1.12022	574.199	1	4
998	998	2388	998	1390	2.39279	0.709815	998	0	0	890	1.12135	575.057	1	4
999	999	2390	999	1391	2.39239	0.710526	999	0	0	890	1.12247	575.621	1	4
1000	1000	2391	1000	1391	2.391	0.711238	1000	0	0	891	1.12233	576.206	1	4
1001	1001	2420	1001	1419	2.41758	0.711949	1001	0	0	892	1.1222	576.817	1	4
1002	1002	2448	1002	1446	2.44311	0.71266	1002	0	0	893	1.12206	577.428	1	4
1003	1003	2450	1003	1447	2.44267	0.713371	1003	0	0	894	1.12192	577.972	1	4
1004	1004	2455	1004	1451	2.44522	0.714082	1004	0	0	895	1.12179	578.61	1	4
1005	1005	2457	1005	1452	2.44478	0.714794	1005	0	0	896	1.12165	579.187	1	4
1006	1006	2458	1006	1452	2.44334	0.715505	1006	0	0	898	1.12027	579.478	1	4
1007	1007	2462	1007	1455	2.44489	0.716216	1007	0	0	899	1.12013	580.023	1	4
1008	1008	2476	1008	1468	2.45635	0.716927	1008	0	0	899	1.12125	580.128	1	4
1009	1009	2479	1009	1470	2.45689	0.717639	1009	0	0	900	1.12111	580.672	1	4
1010	1010	2483	1010	1473	2.45842	0.71835	1010	0	0	901	1.12098	581.223	1	4
1011	1011	2499	1011	1488	2.47181	0.719061	1011	0	0	902	1.12084	581.801	1	4
1012	1012	2500	1012	1488	2.47036	0.719772	1012	0	0	903	1.12071	582.399	1	4
1013	1013	2516	1013	1503	2.48371	0.720484	1013	0	0	904	1.12058	582.953	1	4
1014	1014	2518	1014	1504	2.48323	0.721195	1014	0	0	905	1.12044	583.498	1	4
1015	1015	2525	1015	1510	2.48768	0.721906	1015	0	0	906	1.12031	584.042	1	4
1016	1016	2539	1016	1523	2.49902	0.722617	1016	0	0	907	1.12018	584.597	1	4
1017	1017	2540	1017	1523	2.49754	0.723329	1017	0	0	908	1.12004	585.241	1	4
1018	1018	2543	1018	1525	2.49804	0.72404	1018	0	0	908	1.12115	586.03	1	4
1019	1019	2565	1019	1546	2.51717	0.724751	1019	0	0	909	1.12101	586.628	1	4
1020	1020	2568	1020	1548	2.51765	0.725462	1020	0	0	909	1.12211	587.476	1	4
1021	1021	2594	1021	1573	2.54065	0.726174	1021	0	0	910	1.12198	588.087	1	4
1022	1022	2598	1022	1576	2.54207	0.726885	1022	0	0	910	1.12308	588.945	1	4
1023	1023	2599	1023	1576	2.54057	0.727596	1023	0	0	911	1.12294	589.523	1	4
1024	1024	2602	1024	1578	2.54102	0.728307	1024	0	0	912	1.12281	590.14	1	4
1025	1025	2603	1025	1578	2.53951	0.729019	1025	0	0	914	1.12144	590.369	1	4
1026	1026	2606	1026	1580	2.53996	0.72973	1026	0	0	915	1.12131	590.986	1	4
1027	1027	2614	1027	1587	2.54528	0.730441	1027	0	0	914	1.12363	592.015	1	4
1028	1028	2633	1028	1605	2.56128	0.731152	1028	0	0	915	1.1235	592.572	1	4
1029	1029	2635	1029	1606	2.56074	0.731863	1029	0	0	916	1.12336	593.132	1	4
1030	1030	2640	1030	1610	2.56311	0.732575	1030	0	0	917	1.12323	593.742	1	4
1031	1031	2642	1031	1611	2.56256	0.733286	1031	0	0	917	1.12432	594.009	1	4
1032	1032	2653	1032	1621	2.57074	0.733997	1032	0	0	919	1.12296	595.191	1	4
1033	1033	2654	1033	1621	2.56922	0.734708	1033	0	0	920	1.12283	595.775	1	4
1034	1034	2656	1034	1622	2.56867	0.73542	1034	0	0	921	1.12269	596.331	1	4
1035	1035	2658	1035	1623	2.56812	0.736131	1035	0	0	922	1.12256	596.874	1	4
1036	1036	2664	1036	1628	2.57143	0.736842	1036	0	0	923	1.12243	597.443	1	4
1037	1037	2670	1037	1633	2.57473	0.737553	1037	0	0	923	1.12351	597.666	1	4
1038	1038	2699	1038	1661	2.60019	0.738265	1038	0	0	924	1.12338	598.216	1	4
1039	1039	2700	1039	1661	2.59865	0.738976	1039	0	0	925	1.12324	598.799	1	4
1040	1040	2704	1040	1664	2.6	0.739687	1040	0	0	926	1.12311	599.341	1	4
1041	1041	2726	1041	1685	2.61864	0.740398	1041	0	0	927	1.12298	599.951	1	4
1042	1042	2727	1042	1685	2.61708	0.74111	1042	0	0	928	1.12284	600.494	1	4
1043	1043	2730	1043	1687	2.61745	0.741821	1043	0	0	929	1.12271	601.091	1	4
1044	1044	2733	1044	1689	2.61782	0.742532	1044	0	0	930	1.12258	601.641	1	4
1045	1045	2745	1045	1700	2.62679	0.743243	1045	0	0	931	1.12245	602.202	1	4
1046	1046	2749	1046	1703	2.62811	0.743954	1046	0	0	932	1.12232	602.83	1	4
1047	1047	2754	1047	1707	2.63037	0.744666	1047	0	0	933	1.12219	603.427	1	4
1048	1048	2758	1048	1710	2.63168	0.745377	1048	0	0	934	1.12206	603.983	1	4
1049	1049	2769	1049	1720	2.63966	0.746088	1049	0	0	935	1.12193	604.607	1	4
1050	1050	2772	1050	1722	2.64	0.746799	1050	0	0	936	1.12179	605.16	1	4
1051	1051	2775	1051	1724	2.64034	0.747511	1051	0	0	937	1.12166	605.785	1	4
1052	1052	2776	1052	1724	2.63878	0.748222	1052	0	0	938	1.12154	606.358	1	4
1053	1053	2814	1053	1761	2.67236	0.748933	1053	0	0	939	1.12141	606.901	1	4
1054	1054	2816	1054	1762	2.67173	0.749644	1054	0	0	939	1.12247	606.905	1	4
1055	1055	2817	1055	1762	2.67014	0.750356	1055	0	0	939	1.12354	607.615	1	4
1056	1056	2821	1056	1765	2.6714	0.751067	1056	0	0	940	1.1234	608.158	1	4
1057	1057	2827	1057	1770	2.67455	0.751778	1057	0	0	941	1.12327	608.755	1	4
1058	1058	2828	1058	1770	2.67297	0.752489	1058	0	0	942	1.12314	609.378	1	4
1059	1059	2829	1059	1770	2.67139	0.753201	1059	0	0	943	1.12301	609.989	1	4
1060	1060	2830	1060	1770	2.66981	0.753912	1060	0	0	944	1.12288	610.539	1	4
1061	1061	2850	1061	1789	2.68615	0.754623	1061	0	0	945	1.12275	611.162	1	4
1062	1062	2851	1062	1789	2.68456	0.755334	1062	0	0	946	1.12262	611.719	1	4
1063	1063	2861	1063	1798	2.69144	0.756046	1063	0	0	947	1.12249	612.275	1	4
1064	1064	2866	1064	1802	2.69361	0.756757	1064	0	0	949	1.12118	612.579	1	4
1065	1065	2890	1065	1825	2.71361	0.757468	1065	0	0	950	1.12105	613.188	1	4
1066	1066	2894	1066	1828	2.71482	0.758179	1066	0	0	951	1.12093	613.736	1	4
1067	1067	2896	1067	1829	2.71415	0.75889	1067	0	0	951	1.12198	614.215	1	4
1068	1068	2905	1068	1837	2.72004	0.759602	1068	0	0	952	1.12185	614.85	1	4
1069	1069	2910	1069	1841	2.72217	0.760313	1069	0	0	953	1.12172	615.4	1	4
1070	1070	2919	1070	1849	2.72804	0.761024	1070	0	0	954	1.12159	615.956	1	4
1071	1071	2952	1071	1881	2.7563	0.761735	1071	0	0	955	1.12147	616.553	1	4
1072	1072	3007	1072	1935	2.80504	0.762447	1072	0	0	956	1.12134	617.096	1	4
1073	1073	3008	1073	1935	2.80335	0.763158	1073	0	0	956	1.12238	617.673	1	4
1074	1074	3074	1074	2000	2.8622	0.763869	1074	0	0	957	1.12226	618.216	1	4
1075	1075	3075	1075	2000	2.86047	0.76458	1075	0	0	958	1.12213	618.799	1	4
1076	1076	3098	1076	2022	2.87918	0.765292	1076	0	0	959	1.122	619.424	1	4
1077	1077	3100	1077	2023	2.87837	0.766003	1077	0	0	959	1.12304	620.142	1	4
1078	1078	3101	1078	2023	2.87662	0.766714	1078	0	0	960	1.12292	620.727	1	4
1079	1079	3109	1079	2030	2.88137	0.767425	1079	0	0	961	1.12279	621.273	1	4
1080	1080	3110	1080	2030	2.87963	0.768137	1080	0	0	962	1.12266	621.891	1	4
1081	1081	3149	1081	2068	2.91304	0.768848	1081	0	0	963	1.12253	622.433	1	4
1082	1082	3151	1082	2069	2.9122	0.769559	1082	0	0	963	1.12357	622.59	1	4
1083	1083	3166	1083	2083	2.92336	0.77027	1083	0	0	964	1.12344	623.135	1	4
1084	1084	3182	1084	2098	2.93542	0.770981	1084	0	0	965	1.12332	623.706	1	4
1085	1085	3204	1085	2119	2.953	0.771693	1085	0	0	966	1.12319	624.278	1	4
1086	1086	3220	1086	2134	2.96501	0.772404	1086	0	0	967	1.12306	624.84	1	4
1087	1087	3235	1087	2148	2.97608	0.773115	1087	0	0	968	1.12293	625.389	1	4
1088	1088	3270	1088	2182	3.00551	0.773826	1088	0	0	969	1.12281	626.034	1	4
1089	1089	3271	1089	2182	3.00367	0.774538	1089	0	0	970	1.12268	626.58	1	4
1090	1090	3310	1090	2220	3.0367	0.775249	1090	0	0	971	1.12255	627.123	1	4
1091	1091	3319	1091	2228	3.04216	0.77596	1091	0	0	971	1.12358	627.973	1	4
1092	1092	3320	1092	2228	3.04029	0.776671	1092	0	0	972	1.12346	628.579	1	4
1093	1093	3331	1093	2238	3.04758	0.777383	1093	0	0	972	1.12449	629.268	1	4
1094	1094	3332	1094	2238	3.0457	0.778094	1094	0	0	974	1.1232	630.239	1	4
1095	1095	3335	1095	2240	3.04566	0.778805	1095	0	0	974	1.12423	630.948	1	4
1096	1096	3343	1096	2247	3.05018	0.779516	1096	0	0	975	1.1241	631.592	1	4
1097	1097	3345	1097	2248	3.04923	0.780228	1097	0	0	976	1.12398	632.235	1	4
1098	1098	3357	1098	2259	3.05738	0.780939	1098	0	0	976	1.125	632.681	1	4
1099	1099	3394	1099	2295	3.08826	0.78165	1099	0	0	977	1.12487	633.292	1	4
1100	1100	3397	1100	2297	3.08818	0.782361	1100	0	0	977	1.1259	634.122	1	4
1101	1101	3405	1101	2304	3.09264	0.783073	1101	0	0	978	1.12577	634.768	1	4
1102	1102	3407	1102	2305	3.09165	0.783784	1102	0	0	978	1.12679	635.539	1	4
1103	1103	3411	1103	2308	3.09248	0.784495	1103	0	0	977	1.12897	636.414	1	4
1104	1104	3438	1104	2334	3.11413	0.785206	1104	0	0	978	1.12883	636.977	1	4
1105	1105	3441	1105	2336	3.11403	0.785918	1105	0	0	979	1.1287	637.589	1	4
1106	1106	3444	1106	2338	3.11392	0.786629	1106	0	0	980	1.12857	638.133	1	4
1107	1107	3470	1107	2363	3.1346	0.78734	1107	0	0	981	1.12844	638.733	1	4
1108	1108	3471	1108	2363	3.13267	0.788051	1108	0	0	982	1.12831	639.274	1	4
1109	1109	3473	1109	2364	3.13165	0.788762	1109	0	0	983	1.12818	639.859	1	4
1110	1110	3475	1110	2365	3.13063	0.789474	1110	0	0	984	1.12805	640.476	1	4
1111	1111	3498	1111	2387	3.14851	0.790185	1111	0	0	985	1.12792	641.029	1	4
1112	1112	3501	1112	2389	3.14838	0.790896	1112	0	0	985	1.12893	641.882	1	4
1113	1113	3523	1113	2410	3.16532	0.791607	1113	0	0	985	1.12995	641.984	1	4
1114	1114	3526	1114	2412	3.16517	0.792319	1114	0	0	986	1.12982	642.57	1	4
1115	1115	3533	1115	2418	3.16861	0.79303	1115	0	0	987	1.12969	643.112	1	4
1116	1116	3545	1116	2429	3.17652	0.793741	1116	0	0	988	1.12955	643.715	1	4
1117	1117	3546	1117	2429	3.17457	0.794452	1117	0	0	989	1.12942	644.34	1	4
1118	1118	3572	1118	2454	3.19499	0.795164	1118	0	0	989	1.13043	644.777	1	4
1119	1119	3574	1119	2455	3.19392	0.795875	1119	0	0	990	1.1303	645.423	1	4
1120	1120	3576	1120	2456	3.19286	0.796586	1120	0	0	991	1.13017	645.997	1	4
1121	1121	3582	1121	2461	3.19536	0.797297	1121	0	0	991	1.13118	646.284	1	4
1122	1122	3585	1122	2463	3.19519	0.798009	1122	0	0	991	1.13219	646.978	1	4
1123	1123	3601	1123	2478	3.20659	0.79872	1123	0	0	992	1.13206	647.518	1	4
1124	1124	3655	1124	2531	3.25178	0.799431	1124	0	0	993	1.13192	648.057	1	4
1125	1125	3656	1125	2531	3.24978	0.800142	1125	0	0	993	1.13293	648.057	1	4
1126	1126	3672	1126	2546	3.2611	0.800853	1126	0	0	994	1.1328	648.625	1	4
1127	1127	3673	1127	2546	3.25909	0.801565	1127	0	0	995	1.13266	649.186	1	4
1128	1128	3688	1128	2560	3.2695	0.802276	1128	0	0	996	1.13253	649.725	1	4
1129	1129	3716	1129	2587	3.29141	0.802987	1129	0	0	997	1.1324	650.278	1	4
1130	1130	3731	1130	2601	3.30177	0.803698	1130	0	0	998	1.13226	650.825	1	4
1131	1131	3735	1131	2604	3.30239	0.80441	1131	0	0	998	1.13327	651.62	1	4
1132	1132	3737	1132	2605	3.30124	0.805121	1132	0	0	999	1.13313	652.246	1	4
1133	1133	3738	1133	2605	3.29921	0.805832	1133	0	0	999	1.13413	652.323	1	4
1134	1134	3741	1134	2607	3.29894	0.806543	1134	0	0	1000	1.134	652.873	1	4
1135	1135	3743	1135	2608	3.2978	0.807255	1135	0	0	1000	1.135	652.917	1	4
1136	1136	3772	1136	2636	3.32042	0.807966	1136	0	0	1001	1.13487	653.47	1	4
1137	1137	3813	1137	2676	3.35356	0.808677	1137	0	0	1002	1.13473	654.043	1	4
1138	1138	3900	1138	2762	3.42707	0.809388	1138	0	0	1002	1.13573	654.9	1	4
1139	1139	3901	1139	2762	3.42493	0.8101	1139	0	0	1003	1.13559	655.527	1	4
1140	1140	3902	1140	2762	3.42281	0.810811	1140	0	0	1004	1.13546	656.113	1	4
1141	1141	3908	1141	2767	3.42507	0.811522	1141	0	0	1005	1.13532	656.77	1	4
1142	1142	3910	1142	2768	3.42382	0.812233	1142	0	0	1006	1.13519	657.329	1	4
1143	1143	3916	1143	2773	3.42607	0.812945	1143	0	0	1007	1.13505	657.945	1	4
1144	1144	3917	1144	2773	3.42395	0.813656	1144	0	0	1008	1.13492	658.558	1	4
1145	1145	3927	1145	2782	3.42969	0.814367	1145	0	0	1009	1.13479	659.184	1	4
1146	1146	3931	1146	2785	3.43019	0.815078	1146	0	0	1010	1.13465	659.743	1	4
1147	1147	3957	1147	2810	3.44987	0.815789	1147	0	0	1011	1.13452	660.317	1	4
1148	1148	4030	1148	2882	3.51045	0.816501	1148	0	0	1012	1.13439	660.856	1	4
1149	1149	4069	1149	2920	3.54134	0.817212	1149	0	0	1013	1.13425	661.403	1	4
1150	1150	4114	1150	2964	3.57739	0.817923	1150	0	0	1014	1.13412	661.943	1	4
1151	1151	4133	1151	2982	3.59079	0.818634	1151	0	0	1015	1.13399	662.506	1	4
1152	1152	4233	1152	3081	3.67448	0.819346	1152	0	0	1016	1.13386	663.047	1	4
1153	1153	4264	1153	3111	3.69818	0.820057	1153	0	0	1017	1.13373	663.61	1	4
1154	1154	4269	1154	3115	3.69931	0.820768	1154	0	0	1018	1.1336	664.192	1	4
1155	1155	4275	1155	3120	3.7013	0.821479	1155	0	0	1019	1.13346	664.746	1	4
1156	1156	4288	1156	3132	3.70934	0.822191	1156	0	0	1020	1.13333	665.317	1	4
1157	1157	4291	1157	3134	3.70873	0.822902	1157	0	0	1021	1.1332	665.966	1	4
1158	1158	4305	1158	3147	3.71762	0.823613	1158	0	0	1022	1.13307	666.507	1	4
1159	1159	4338	1159	3179	3.74288	0.824324	1159	0	0	1023	1.13294	667.048	1	4
1160	1160	4379	1160	3219	3.775	0.825036	1160	0	0	1024	1.13281	667.659	1	4
1161	1161	4382	1161	3221	3.77433	0.825747	1161	0	0	1025	1.13268	668.277	1	4
1162	1162	4408	1162	3246	3.79346	0.826458	1162	0	0	1026	1.13255	668.83	1	4
1163	1163	4411	1163	3248	3.79278	0.827169	1163	0	0	1027	1.13242	669.389	1	4
1164	1164	4412	1164	3248	3.79038	0.827881	1164	0	0	1028	1.1323	669.972	1	4
1165	1165	4472	1165	3307	3.83863	0.828592	1165	0	0	1029	1.13217	670.513	1	4
1166	1166	4479	1166	3313	3.84134	0.829303	1166	0	0	1029	1.13314	671.342	1	4
1167	1167	4480	1167	3313	3.8389	0.830014	1167	0	0	1030	1.13301	671.955	1	4
1168	1168	4510	1168	3342	3.8613	0.830725	1168	0	0	1031	1.13288	672.6	1	4
1169	1169	4511	1169	3342	3.85885	0.831437	1169	0	0	1032	1.13275	673.182	1	4
1170	1170	4514	1170	3344	3.85812	0.832148	1170	0	0	1032	1.13372	674.047	1	4
1171	1171	4535	1171	3364	3.87276	0.832859	1171	0	0	1033	1.13359	674.6	1	4
1172	1172	4549	1172	3377	3.8814	0.83357	1172	0	0	1034	1.13346	675.25	1	4
1173	1173	4554	1173	3381	3.88235	0.834282	1173	0	0	1035	1.13333	675.813	1	4
1174	1174	4582	1174	3408	3.9029	0.834993	1174	0	0	1036	1.1332	676.386	1	4
1175	1175	4585	1175	3410	3.90213	0.835704	1175	0	0	1037	1.13308	677.031	1	4
1176	1176	4586	1176	3410	3.89966	0.836415	1176	0	0	1038	1.13295	677.6	1	4
1177	1177	4681	1177	3504	3.97706	0.837127	1177	0	0	1039	1.13282	678.141	1	4
1178	1178	4694	1178	3516	3.98472	0.837838	1178	0	0	1040	1.13269	678.689	1	4
1179	1179	4711	1179	3532	3.99576	0.838549	1179	0	0	1041	1.13256	679.252	1	4
1180	1180	4715	1180	3535	3.99576	0.83926	1180	0	0	1042	1.13244	679.807	1	4
1181	1181	4751	1181	3570	4.02286	0.839972	1181	0	0	1043	1.13231	680.381	1	4
1182	1182	4753	1182	3571	4.02115	0.840683	1182	0	0	1044	1.13218	680.935	1	4
1183	1183	4766	1183	3583	4.02874	0.841394	1183	0	0	1045	1.13206	681.509	1	4
1184	1184	4809	1184	3625	4.06166	0.842105	1184	0	0	1046	1.13193	682.108	1	4
1185	1185	4815	1185	3630	4.06329	0.842816	1185	0	0	1047	1.13181	682.718	1	4
1186	1186	4840	1186	3654	4.08094	0.843528	1186	0	0	1048	1.13168	683.329	1	4
1187	1187	4843	1187	3656	4.08003	0.844239	1187	0	0	1048	1.13263	683.376	1	4
1188	1188	4855	1188	3667	4.0867	0.84495	1188	0	0	1049	1.13251	683.99	1	4
1189	1189	4861	1189	3672	4.08831	0.845661	1189	0	0	1049	1.13346	684.698	1	4
1190	1190	4862	1190	3672	4.08571	0.846373	1190	0	0	1050	1.13333	685.342	1	4
1191	1191	4864	1191	3673	4.08396	0.847084	1191	0	0	1051	1.13321	685.992	1	4
1192	1192	4908	1192	3716	4.11745	0.847795	1192	0	0	1052	1.13308	686.603	1	4
1193	1193	4914	1193	3721	4.11903	0.848506	1193	0	0	1053	1.13295	687.218	1	4
1194	1194	4940	1194	3746	4.13735	0.849218	1194	0	0	1054	1.13283	687.761	1	4
1195	1195	4967	1195	3772	4.15649	0.849929	1195	0	0	1054	1.13378	688.576	1	4
1196	1196	4971	1196	3775	4.15635	0.85064	1196	0	0	1055	1.13365	689.203	1	4
1197	1197	5017	1197	3820	4.19131	0.851351	1197	0	0	1056	1.13352	689.777	1	4
1198	1198	5020	1198	3822	4.19032	0.852063	1198	0	0	1056	1.13447	690.096	1	4
1199	1199	5106	1199	3907	4.25855	0.852774	1199	0	0	1057	1.13434	690.636	1	4
1200	1200	5137	1200	3937	4.28083	0.853485	1200	0	0	1058	1.13422	691.235	1	4
1201	1201	5156	1201	3955	4.29309	0.854196	1201	0	0	1058	1.13516	691.499	1	4
1202	1202	5175	1202	3973	4.30532	0.854908	1202	0	0	1059	1.13503	692.052	1	4
1203	1203	5178	1203	3975	4.30424	0.855619	1203	0	0	1060	1.13491	692.605	1	4
1204	1204	5243	1204	4039	4.35465	0.85633	1204	0	0	1060	1.13585	693.456	1	4
1205	1205	5262	1205	4057	4.36681	0.857041	1205	0	0	1060	1.13679	694.288	1	4
1206	1206	5265	1206	4059	4.36567	0.857753	1206	0	0	1061	1.13666	694.841	1	4
1207	1207	5282	1207	4075	4.37614	0.858464	1207	0	0	1062	1.13653	695.387	1	4
1208	1208	5294	1208	4086	4.38245	0.859175	1208	0	0	1063	1.13641	695.928	1	4
1209	1209	5307	1209	4098	4.38958	0.859886	1209	0	0	1063	1.13735	695.944	1	4
1210	1210	5345	1210	4135	4.41736	0.860597	1210	0	0	1064	1.13722	696.556	1	4
1211	1211	5346	1211	4135	4.41453	0.861309	1211	0	0	1065	1.13709	697.1	1	4
1212	1212	5361	1212	4149	4.42327	0.86202	1212	0	0	1066	1.13696	697.726	1	4
1213	1213	5369	1213	4156	4.42622	0.862731	1213	0	0	1067	1.13683	698.325	1	4
1214	1214	5376	1214	4162	4.42834	0.863442	1214	0	0	1068	1.1367	698.899	1	4
1215	1215	5384	1215	4169	4.43128	0.864154	1215	0	0	1070	1.13551	700.214	1	4
1216	1216	5386	1216	4170	4.42928	0.864865	1216	0	0	1071	1.13539	700.8	1	4
1217	1217	5387	1217	4170	4.42646	0.865576	1217	0	0	1072	1.13526	701.35	1	4
1218	1218	5391	1218	4173	4.42611	0.866287	1218	0	0	1073	1.13514	701.962	1	4
1219	1219	5410	1219	4191	4.43806	0.866999	1219	0	0	1074	1.13501	702.587	1	4
1220	1220	5421	1220	4201	4.44344	0.86771	1220	0	0	1075	1.13488	703.13	1	4
1221	1221	5425	1221	4204	4.44308	0.868421	1221	0	0	1076	1.13476	703.692	1	4
1222	1222	5509	1222	4287	4.50818	0.869132	1222	0	0	1076	1.13569	704.506	1	4
1223	1223	5532	1223	4309	4.5233	0.869844	1223	0	0	1077	1.13556	705.059	1	4
1224	1224	5580	1224	4356	4.55882	0.870555	1224	0	0	1078	1.13544	705.633	1	4
1225	1225	5582	1225	4357	4.55673	0.871266	1225	0	0	1079	1.13531	706.187	1	4
1226	1226	5591	1226	4365	4.56036	0.871977	1226	0	0	1079	1.13624	706.355	1	4
1227	1227	5597	1227	4370	4.56153	0.872688	1227	0	0	1080	1.13611	706.903	1	4
1228	1228	5619	1228	4391	4.57573	0.8734	1228	0	0	1081	1.13599	707.479	1	4
1229	1229	5620	1229	4391	4.57282	0.874111	1229	0	0	1082	1.13586	708.09	1	4
1230	1230	5658	1230	4428	4.6	0.874822	1230	0	0	1083	1.13573	708.665	1	4
1231	1231	5747	1231	4516	4.66856	0.875533	1231	0	0	1083	1.13666	709.478	1	4
1232	1232	5751	1232	4519	4.66802	0.876245	1232	0	0	1084	1.13653	710.089	1	4
1233	1233	5766	1233	4533	4.6764	0.876956	1233	0	0	1085	1.13641	710.637	1	4
1234	1234	5783	1234	4549	4.68639	0.877667	1234	0	0	1086	1.13628	711.199	1	4
1235	1235	5816	1235	4581	4.70931	0.878378	1235	0	0	1087	1.13615	711.81	1	4
1236	1236	5870	1236	4634	4.74919	0.87909	1236	0	0	1088	1.13603	712.351	1	4
1237	1237	5882	1237	4645	4.75505	0.879801	1237	0	0	1089	1.1359	712.996	1	4
1238	1238	5890	1238	4652	4.75767	0.880512	1238	0	0	1090	1.13578	713.55	1	4
1239	1239	5961	1239	4722	4.81114	0.881223	1239	0	0	1091	1.13566	714.091	1	4
1240	1240	5962	1240	4722	4.80806	0.881935	1240	0	0	1092	1.13553	714.695	1	4
1241	1241	5977	1241	4736	4.81628	0.882646	1241	0	0	1093	1.13541	715.34	1	4
1242	1242	5988	1242	4746	4.82126	0.883357	1242	0	0	1094	1.13528	715.968	1	4
1243	1243	6000	1243	4757	4.82703	0.884068	1243	0	0	1095	1.13516	716.51	1	4
1244	1244	6137	1244	4893	4.93328	0.88478	1244	0	0	1096	1.13504	717.053	1	4
1245	1245	6212	1245	4967	4.98956	0.885491	1245	0	0	1098	1.13388	717.338	1	4
1246	1246	6241	1246	4995	5.00883	0.886202	1246	0	0	1099	1.13376	717.962	1	4
1247	1247	6242	1247	4995	5.00561	0.886913	1247	0	0	1100	1.13364	718.526	1	4
1248	1248	6267	1248	5019	5.02163	0.887624	1248	0	0	1101	1.13352	719.124	1	4
1249	1249	6277	1249	5028	5.02562	0.888336	1249	0	0	1102	1.13339	719.767	1	4
1250	1250	6297	1250	5047	5.0376	0.889047	1250	0	0	1102	1.1343	720.494	1	4
1251	1251	6314	1251	5063	5.04716	0.889758	1251	0	0	1103	1.13418	721.138	1	4
1252	1252	6477	1252	5225	5.17332	0.890469	1252	0	0	1104	1.13406	721.682	1	4
1253	1253	6481	1253	5228	5.17239	0.891181	1253	0	0	1105	1.13394	722.268	1	4
1254	1254	6485	1254	5231	5.17145	0.891892	1254	0	0	1106	1.13382	722.891	1	4
1255	1255	6599	1255	5344	5.25817	0.892603	1255	0	0	1107	1.13369	723.435	1	4
1256	1256	6610	1256	5354	5.26274	0.893314	1256	0	0	1108	1.13357	724.045	1	4
1257	1257	6882	1257	5625	5.47494	0.894026	1257	0	0	1108	1.13448	724.857	1	4
1258	1258	6884	1258	5626	5.47218	0.894737	1258	0	0	1107	1.1364	724.537	1	4
1259	1259	6968	1259	5709	5.53455	0.895448	1259	0	0	1108	1.13628	725.086	1	4
1260	1260	6969	1260	5709	5.53095	0.896159	1260	0	0	1109	1.13616	725.655	1	4
1261	1261	6979	1261	5718	5.5345	0.896871	1261	0	0	1110	1.13604	726.24	1	4
1262	1262	6994	1262	5732	5.542	0.897582	1262	0	0	1111	1.13591	726.838	1	4
1263	1263	7004	1263	5741	5.54553	0.898293	1263	0	0	1112	1.13579	727.403	1	4
1264	1264	7072	1264	5808	5.59494	0.899004	1264	0	0	1114	1.13465	727.888	1	4
1265	1265	7080	1265	5815	5.59684	0.899715	1265	0	0	1115	1.13453	728.466	1	4
1266	1266	7206	1266	5940	5.69194	0.900427	1266	0	0	1116	1.13441	729.015	1	4
1267	1267	7459	1267	6192	5.88714	0.901138	1267	0	0	1117	1.13429	729.564	1	4
1268	1268	7480	1268	6212	5.89905	0.901849	1268	0	0	1118	1.13417	730.119	1	4
1269	1269	7482	1269	6213	5.89598	0.90256	1269	0	0	1119	1.13405	730.689	1	4
1270	1270	7488	1270	6218	5.89606	0.903272	1270	0	0	1120	1.13393	731.242	1	4
1271	1271	7730	1271	6459	6.08183	0.903983	1271	0	0	1121	1.13381	731.792	1	4
1272	1272	7731	1272	6459	6.07783	0.904694	1272	0	0	1123	1.13268	733.036	1	4
1273	1273	7744	1273	6471	6.08327	0.905405	1273	0	0	1124	1.13256	733.585	1	4
1274	1274	7748	1274	6474	6.08163	0.906117	1274	0	0	1125	1.13244	734.165	1	4
1275	1275	7761	1275	6486	6.08706	0.906828	1275	0	0	1126	1.13233	734.721	1	4
1276	1276	7950	1276	6674	6.23041	0.907539	1276	0	0	1127	1.13221	735.27	1	4
1277	1277	7957	1277	6680	6.23101	0.90825	1277	0	0	1128	1.13209	735.845	1	4
1278	1278	7993	1278	6715	6.2543	0.908962	1278	0	0	1129	1.13198	736.415	1	4
1279	1279	8057	1279	6778	6.29945	0.909673	1279	0	0	1130	1.13186	736.964	1	4
1280	1280	8059	1280	6779	6.29609	0.910384	1280	0	0	1130	1.13274	737.072	1	4
1281	1281	8100	1281	6819	6.32318	0.911095	1281	0	0	1131	1.13263	737.695	1	4
1282	1282	8104	1282	6822	6.32137	0.911807	1282	0	0	1132	1.13251	738.244	1	4
1283	1283	8119	1283	6836	6.32814	0.912518	1283	0	0	1133	1.13239	738.896	1	4
1284	1284	8343	1284	7059	6.49766	0.913229	1284	0	0	1134	1.13228	739.445	1	4
1285	1285	8370	1285	7085	6.51362	0.91394	1285	0	0	1135	1.13216	740.008	1	4
1286	1286	8382	1286	7096	6.51788	0.914652	1286	0	0	1136	1.13204	740.63	1	4
1287	1287	8389	1287	7102	6.51826	0.915363	1287	0	0	1137	1.13193	741.212	1	4
1288	1288	8408	1288	7120	6.52795	0.916074	1288	0	0	1138	1.13181	741.827	1	4
1289	1289	8414	1289	7125	6.52754	0.916785	1289	0	0	1139	1.13169	742.402	1	4
1290	1290	8450	1290	7160	6.55039	0.917496	1290	0	0	1139	1.13257	743.054	1	4
1291	1291	8510	1291	7219	6.59179	0.918208	1291	0	0	1140	1.13246	743.629	1	4
1292	1292	8511	1292	7219	6.58746	0.918919	1292	0	0	1141	1.13234	744.18	1	4
1293	1293	8565	1293	7272	6.62413	0.91963	1293	0	0	1141	1.13322	744.831	1	4
1294	1294	8567	1294	7273	6.62056	0.920341	1294	0	0	1142	1.1331	745.385	1	4
1295	1295	8636	1295	7341	6.66873	0.921053	1295	0	0	1143	1.13298	745.983	1	4
1296	1296	8638	1296	7342	6.66512	0.921764	1296	0	0	1144	1.13287	746.566	1	4
1297	1297	8953	1297	7656	6.90285	0.922475	1297	0	0	1145	1.13275	747.116	1	4
1298	1298	8973	1298	7675	6.91294	0.923186	1298	0	0	1146	1.13264	747.738	1	4
1299	1299	8984	1299	7685	6.91609	0.923898	1299	0	0	1146	1.13351	748.367	1	4
1300	1300	9014	1300	7714	6.93385	0.924609	1300	0	0	1147	1.13339	748.977	1	4
1301	1301	9256	1301	7955	7.11453	0.92532	1301	0	0	1148	1.13328	749.527	1	4
1302	1302	9261	1302	7959	7.1129	0.926031	1302	0	0	1148	1.13415	749.587	1	4
1303	1303	9430	1303	8127	7.23714	0.926743	1303	0	0	1149	1.13403	750.137	1	4
1304	1304	9431	1304	8127	7.23236	0.927454	1304	0	0	1150	1.13391	750.676	1	4
1305	1305	9439	1305	8134	7.23295	0.928165	1305	0	0	1151	1.1338	751.325	1	4
1306	1306	9460	1306	8154	7.24349	0.928876	1306	0	0	1153	1.1327	751.901	1	4
1307	1307	9469	1307	8162	7.24484	0.929587	1307	0	0	1153	1.13356	752.438	1	4
1308	1308	9492	1308	8184	7.25688	0.930299	1308	0	0	1154	1.13345	753.036	1	4
1309	1309	9502	1309	8193	7.25898	0.93101	1309	0	0	1155	1.13333	753.694	1	4
1310	1310	9527	1310	8217	7.27252	0.931721	1310	0	0	1155	1.1342	754.272	1	4
1311	1311	9713	1311	8402	7.40885	0.932432	1311	0	0	1156	1.13408	754.821	1	4
1312	1312	9742	1312	8430	7.4253	0.933144	1312	0	0	1157	1.13397	755.444	1	4
1313	1313	9754	1313	8441	7.42879	0.933855	1313	0	0	1158	1.13385	755.994	1	4
1314	1314	9760	1314	8446	7.4277	0.934566	1314	0	0	1159	1.13374	756.622	1	4
1315	1315	9804	1315	8489	7.45551	0.935277	1315	0	0	1161	1.13264	757.203	1	4
1316	1316	9835	1316	8519	7.4734	0.935989	1316	0	0	1162	1.13253	757.757	1	4
1317	1317	9872	1317	8555	7.49582	0.9367	1317	0	0	1163	1.13242	758.357	1	4
1318	1318	9918	1318	8600	7.52504	0.937411	1318	0	0	1164	1.1323	758.957	1	4
1319	1319	9935	1319	8616	7.53222	0.938122	1319	0	0	1164	1.13316	759.529	1	4
1320	1320	9942	1320	8622	7.53182	0.938834	1320	0	0	1165	1.13305	760.114	1	4
1321	1321	9948	1321	8627	7.53066	0.939545	1321	0	0	1165	1.13391	760.501	1	4
1322	1322	9964	1322	8642	7.53707	0.940256	1322	0	0	1166	1.13379	761.101	1	4
1323	1323	9982	1323	8659	7.54497	0.940967	1323	0	0	1167	1.13368	761.724	1	4
1324	1324	10132	1324	8808	7.65257	0.941679	1324	0	0	1168	1.13356	762.274	1	4
1325	1325	10250	1325	8925	7.73585	0.94239	1325	0	0	1169	1.13345	762.874	1	4
1326	1326	10270	1326	8944	7.7451	0.943101	1326	0	0	1169	1.1343	762.953	1	4
1327	1327	10284	1327	8957	7.74981	0.943812	1327	0	0	1170	1.13419	763.553	1	4
1328	1328	10295	1328	8967	7.75226	0.944523	1328	0	0	1171	1.13407	764.163	1	4
1329	1329	10373	1329	9044	7.80512	0.945235	1329	0	0	1171	1.13493	764.912	1	4
1330	1330	10417	1330	9087	7.83233	0.945946	1330	0	0	1172	1.13481	765.561	1	4
1331	1331	10437	1331	9106	7.84147	0.946657	1331	0	0	1173	1.1347	766.122	1	4
1332	1332	10494	1332	9162	7.87838	0.947368	1332	0	0	1173	1.13555	766.301	1	4
1333	1333	10763	1333	9430	8.07427	0.94808	1333	0	0	1174	1.13543	766.851	1	4
1334	1334	10809	1334	9475	8.1027	0.948791	1334	0	0	1175	1.13532	767.479	1	4
1335	1335	10880	1335	9545	8.14981	0.949502	1335	0	0	1176	1.1352	768.106	1	4
1336	1336	10939	1336	9603	8.18787	0.950213	1336	0	0	1177	1.13509	768.659	1	4
1337	1337	11015	1337	9678	8.23859	0.950925	1337	0	0	1178	1.13497	769.288	1	4
1338	1338	11100	1338	9762	8.29596	0.951636	1338	0	0	1179	1.13486	769.937	1	4
1339	1339	11253	1339	9914	8.40403	0.952347	1339	0	0	1180	1.13475	770.586	1	4
1340	1340	11313	1340	9973	8.44254	0.953058	1340	0	0	1180	1.13559	771.336	1	4
1341	1341	11323	1341	9982	8.4437	0.95377	1341	0	0	1181	1.13548	771.984	1	4
1342	1342	11344	1342	10002	8.45306	0.954481	1342	0	0	1181	1.13633	772.521	1	4
1343	1343	11481	1343	10138	8.54877	0.955192	1343	0	0	1182	1.13621	773.172	1	4
1344	1344	11488	1344	10144	8.54762	0.955903	1344	0	0	1182	1.13706	773.436	1	4
1345	1345	11722	1345	10377	8.71524	0.956614	1345	0	0	1183	1.13694	773.986	1	4
1346	1346	11896	1346	10550	8.83804	0.957326	1346	0	0	1184	1.13682	774.539	1	4
1347	1347	11937	1347	10590	8.86192	0.958037	1347	0	0	1185	1.13671	775.117	1	4
1348	1348	12010	1348	10662	8.9095	0.958748	1348	0	0	1186	1.13659	775.67	1	4
1349	1349	12319	1349	10970	9.13195	0.959459	1349	0	0	1187	1.13648	776.223	1	4
1350	1350	12321	1350	10971	9.12667	0.960171	1350	0	0	1187	1.13732	776.272	1	4
1351	1351	12332	1351	10981	9.12805	0.960882	1351	0	0	1188	1.13721	776.929	1	4
1352	1352	12342	1352	10990	9.1287	0.961593	1352	0	0	1189	1.13709	777.497	1	4
1353	1353	12381	1353	11028	9.15078	0.962304	1353	0	0	1190	1.13697	778.097	1	4
1354	1354	12401	1354	11047	9.15879	0.963016	1354	0	0	1191	1.13686	778.748	1	4
1355	1355	12815	1355	11460	9.45756	0.963727	1355	0	0	1192	1.13674	779.301	1	4
1356	1356	12908	1356	11552	9.51917	0.964438	1356	0	0	1193	1.13663	779.854	1	4
1357	1357	13140	1357	11783	9.68312	0.965149	1357	0	0	1194	1.13652	780.407	1	4
1358	1358	13142	1358	11784	9.67747	0.965861	1358	0	0	1194	1.13735	780.933	1	4
1359	1359	13184	1359	11825	9.70125	0.966572	1359	0	0	1195	1.13724	781.55	1	4
1360	1360	13401	1360	12041	9.85368	0.967283	1360	0	0	1196	1.13712	782.104	1	4
1361	1361	13405	1361	12044	9.84938	0.967994	1361	0	0	1197	1.13701	782.665	1	4
1362	1362	13539	1362	12177	9.94053	0.968706	1362	0	0	1198	1.13689	783.219	1	4
1363	1363	13603	1363	12240	9.98019	0.969417	1363	0	0	1199	1.13678	783.829	1	4
1364	1364	13660	1364	12296	10.0147	0.970128	1364	0	0	1200	1.13667	784.407	1	4
1365	1365	13729	1365	12364	10.0579	0.970839	1365	0	0	1200	1.1375	784.46	1	4
1366	1366	13733	1366	12367	10.0534	0.971551	1366	0	0	1200	1.13833	784.46	1	4
1367	1367	13735	1367	12368	10.0475	0.972262	1367	0	0	1200	1.13917	784.765	1	4
1368	1368	13741	1368	12373	10.0446	0.972973	1368	0	0	1201	1.13905	785.325	1	4
1369	1369	13754	1369	12385	10.0467	0.973684	1369	0	0	1202	1.13894	785.864	1	4
1370	1370	13906	1370	12536	10.1504	0.974395	1370	0	0	1204	1.13787	787.12	1	4
1371	1371	14178	1371	12807	10.3414	0.975107	1371	0	0	1205	1.13776	787.674	1	4
1372	1372	14227	1372	12855	10.3695	0.975818	1372	0	0	1206	1.13765	788.275	1	4
1373	1373	14716	1373	13343	10.7181	0.976529	1373	0	0	1207	1.13753	788.829	1	4
1374	1374	14901	1374	13527	10.845	0.97724	1374	0	0	1208	1.13742	789.386	1	4
1375	1375	15168	1375	13793	11.0313	0.977952	1375	0	0	1209	1.1373	789.953	1	4
1376	1376	15505	1376	14129	11.2682	0.978663	1376	0	0	1210	1.13719	790.521	1	4
1377	1377	15513	1377	14136	11.2658	0.979374	1377	0	0	1211	1.13708	791.13	1	4
1378	1378	15628	1378	14250	11.3411	0.980085	1378	0	0	1212	1.13696	791.708	1	4
1379	1379	16163	1379	14784	11.7208	0.980797	1379	0	0	1213	1.13685	792.287	1	4
1380	1380	16730	1380	15350	12.1232	0.981508	1380	0	0	1214	1.13674	792.866	1	4
1381	1381	17280	1381	15899	12.5127	0.982219	1381	0	0	1215	1.13663	793.449	1	4
1382	1382	18108	1382	16726	13.1027	0.98293	1382	0	0	1216	1.13651	794.033	1	4
1383	1383	18118	1383	16735	13.1005	0.983642	1383	0	0	1217	1.1364	794.65	1	4
1384	1384	18692	1384	17308	13.5058	0.984353	1384	0	0	1218	1.13629	795.234	1	4
1385	1385	18786	1385	17401	13.5639	0.985064	1385	0	0	1219	1.13618	795.817	1	4
1386	1386	19356	1386	17970	13.9654	0.985775	1386	0	0	1220	1.13607	796.401	1	4
1387	1387	19542	1387	18155	14.0894	0.986486	1387	0	0	1220	1.13689	796.45	1	4
1388	1388	19762	1388	18374	14.2378	0.987198	1388	0	0	1221	1.13677	797.105	1	4
1389	1389	19786	1389	18397	14.2448	0.987909	1389	0	0	1222	1.13666	797.705	1	4
1390	1390	20039	1390	18649	14.4165	0.98862	1390	0	0	1223	1.13655	798.305	1	4
1391	1391	20074	1391	18683	14.4313	0.989331	1391	0	0	1224	1.13644	798.958	1	4
1392	1392	20125	1392	18733	14.4576	0.990043	1392	0	0	1225	1.13633	799.558	1	4
1393	1393	20818	1393	19425	14.9447	0.990754	1393	0	0	1226	1.13622	800.161	1	4
1394	1394	21724	1394	20330	15.5839	0.991465	1394	0	0	1227	1.1361	800.764	1	4
1395	1395	21836	1395	20441	15.653	0.992176	1395	0	0	1228	1.13599	801.417	1	4
1396	1396	22146	1396	20750	15.8639	0.992888	1396	0	0	1229	1.13588	802.02	1	4
1397	1397	22449	1397	21052	16.0694	0.993599	1397	0	0	1230	1.13577	802.623	1	4
1398	1398	22472	1398	21074	16.0744	0.99431	1398	0	0	1231	1.13566	803.276	1	4
1399	1399	23469	1399	22070	16.7756	0.995021	1399	0	0	1232	1.13555	803.878	1	4
1400	1400	24389	1400	22989	17.4207	0.995733	1400	0	0	1233	1.13544	804.48	1	4
1401	1401	25074	1401	23673	17.8972	0.996444	1401	0	0	1234	1.13533	805.133	1	4
1402	1402	25761	1402	24359	18.3745	0.997155	1402	0	0	1235	1.13522	805.785	1	4
1403	1403	26910	1403	25507	19.1803	0.997866	1403	0	0	1236	1.13511	806.44	1	4
1404	1404	27168	1404	25764	19.3504	0.998578	1404	0	0	1237	1.135	807.095	1	4
1405	1405	27527	1405	26122	19.5922	0.999289	1405	0	0	1238	1.13489	807.635	1	4
1406	1406	28819	1406	27413	20.4972	1	1406	0	0	1239	1.13479	808.174	1	4
